order_item_id,order_id,product_id,quantity,unit_price
90001,5001,114,1,399
90002,5001,109,2,449
90003,5002,116,1,849
90004,5003,104,1,899
90005,5003,112,2,999
90006,5004,108,2,699
90007,5005,113,2,2499
90008,5005,116,2,849
90009,5005,104,2,899
90010,5006,109,1,449
90011,5006,110,2,299
90012,5006,103,1,1199
90013,5007,102,1,3999
90014,5007,115,2,649
90015,5008,116,1,849
90016,5008,110,2,299
90017,5009,106,2,2299
90018,5010,115,2,649
90019,5011,113,2,2499
90020,5012,101,1,1499
90021,5012,115,2,649
90022,5012,108,2,699
90023,5013,104,2,899
90024,5014,113,2,2499
90025,5014,108,2,699
90026,5014,110,1,299
90027,5015,104,1,899
90028,5016,108,1,699
90029,5016,103,1,1199
90030,5017,101,2,1499
90031,5017,108,2,699
90032,5017,101,2,1499
90033,5018,113,1,2499
90034,5019,110,2,299
90035,5019,114,1,399
90036,5020,107,2,199
90037,5020,116,2,849
90038,5020,114,1,399
90039,5021,114,2,399
90040,5021,101,1,1499
90041,5021,111,1,349
90042,5022,110,1,299
90043,5023,114,2,399
90044,5023,105,1,799
90045,5023,103,2,1199
90046,5024,108,1,699
90047,5025,107,1,199
90048,5025,106,2,2299
90049,5025,102,2,3999
90050,5026,103,2,1199
90051,5026,110,1,299
90052,5027,111,1,349
90053,5027,108,2,699
90054,5027,111,1,349
90055,5028,105,2,799
90056,5028,108,2,699
90057,5029,114,2,399
90058,5030,101,1,1499
90059,5030,104,2,899
90060,5030,111,1,349
90061,5031,111,2,349
90062,5031,110,2,299
90063,5031,115,1,649
90064,5032,104,1,899
90065,5032,108,2,699
90066,5033,106,2,2299
90067,5033,105,2,799
90068,5034,114,2,399
90069,5034,106,2,2299
90070,5034,101,2,1499
90071,5035,101,2,1499
90072,5035,109,1,449
90073,5036,115,1,649
90074,5036,113,1,2499
90075,5037,110,2,299
90076,5038,114,1,399
90077,5039,113,1,2499
90078,5039,103,2,1199
90079,5039,107,1,199
90080,5040,107,2,199
90081,5041,114,1,399
90082,5042,104,2,899
90083,5043,108,1,699
90084,5043,112,2,999
90085,5044,103,1,1199
90086,5044,108,1,699
90087,5045,104,2,899
90088,5046,101,2,1499
90089,5046,114,1,399
90090,5046,108,2,699
90091,5047,101,1,1499
90092,5047,108,1,699
90093,5048,107,1,199
90094,5048,109,1,449
90095,5049,103,1,1199
90096,5050,112,2,999
90097,5051,104,2,899
90098,5052,108,1,699
90099,5052,110,2,299
90100,5053,101,2,1499
90101,5053,112,2,999
90102,5053,109,1,449
90103,5054,115,1,649
90104,5055,109,2,449
90105,5055,111,1,349
90106,5056,112,1,999
90107,5056,109,1,449
90108,5056,103,1,1199
90109,5057,108,2,699
90110,5058,105,2,799
90111,5058,106,1,2299
90112,5059,108,2,699
90113,5059,102,1,3999
90114,5059,108,2,699
90115,5060,114,1,399
90116,5061,109,1,449
90117,5062,112,2,999
90118,5062,102,2,3999
90119,5062,109,2,449
90120,5063,104,2,899
90121,5064,112,2,999
90122,5064,102,2,3999
90123,5065,107,1,199
90124,5065,107,2,199
90125,5066,105,2,799
90126,5067,113,1,2499
90127,5068,114,1,399
90128,5068,103,2,1199
90129,5069,115,1,649
90130,5069,104,1,899
90131,5070,101,1,1499
90132,5071,116,2,849
90133,5071,114,2,399
90134,5071,105,1,799
90135,5072,107,2,199
90136,5072,116,2,849
90137,5073,109,1,449
90138,5073,107,2,199
90139,5074,115,2,649
90140,5074,105,2,799
90141,5074,113,1,2499
90142,5075,110,2,299
90143,5075,114,2,399
90144,5075,106,1,2299
90145,5076,101,2,1499
90146,5076,110,2,299
90147,5076,108,2,699
90148,5077,102,1,3999
90149,5078,106,2,2299
90150,5078,109,1,449
90151,5078,105,2,799
90152,5079,116,2,849
90153,5079,101,1,1499
90154,5079,101,2,1499
90155,5080,114,1,399
90156,5081,102,2,3999
90157,5082,103,1,1199
90158,5082,116,2,849
90159,5082,111,2,349
90160,5083,112,1,999
90161,5084,101,1,1499
90162,5084,106,2,2299
90163,5085,110,2,299
90164,5085,102,1,3999
90165,5085,114,1,399
90166,5086,102,2,3999
90167,5086,104,2,899
90168,5086,110,2,299
90169,5087,101,2,1499
90170,5087,114,2,399
90171,5087,112,1,999
90172,5088,101,1,1499
90173,5089,101,1,1499
90174,5089,113,1,2499
90175,5089,113,1,2499
90176,5090,105,1,799
90177,5090,116,2,849
90178,5091,101,1,1499
90179,5092,101,1,1499
90180,5092,106,1,2299
90181,5092,103,2,1199
90182,5093,114,2,399
90183,5093,116,2,849
90184,5094,104,1,899
90185,5094,107,2,199
90186,5094,107,1,199
90187,5095,111,2,349
90188,5095,102,2,3999
90189,5095,111,1,349
90190,5096,111,2,349
90191,5096,109,1,449
90192,5097,107,1,199
90193,5098,113,2,2499
90194,5098,104,2,899
90195,5098,116,1,849
90196,5099,109,2,449
90197,5100,106,1,2299
90198,5100,114,1,399
90199,5100,103,1,1199
90200,5101,109,1,449
90201,5101,109,1,449
90202,5101,104,1,899
90203,5102,113,1,2499
90204,5102,111,2,349
90205,5103,102,2,3999
90206,5104,102,1,3999
90207,5105,101,1,1499
90208,5105,104,2,899
90209,5106,113,2,2499
90210,5106,108,2,699
90211,5107,112,2,999
90212,5108,108,1,699
90213,5108,110,2,299
90214,5108,106,1,2299
90215,5109,111,2,349
90216,5109,112,2,999
90217,5109,104,1,899
90218,5110,110,1,299
90219,5111,102,2,3999
90220,5112,110,1,299
90221,5112,109,2,449
90222,5113,114,2,399
90223,5114,115,1,649
90224,5114,104,2,899
90225,5114,101,2,1499
90226,5115,109,1,449
90227,5115,106,2,2299
90228,5115,116,1,849
90229,5116,102,1,3999
90230,5116,113,1,2499
90231,5117,106,2,2299
90232,5118,110,2,299
90233,5118,111,2,349
90234,5118,113,2,2499
90235,5119,109,2,449
90236,5120,110,1,299
90237,5120,109,1,449
90238,5121,105,2,799
90239,5122,113,1,2499
90240,5122,108,1,699
90241,5122,109,1,449
90242,5123,112,1,999
90243,5124,106,1,2299
90244,5124,109,1,449
90245,5124,108,1,699
90246,5125,104,1,899
90247,5125,112,2,999
90248,5125,110,2,299
90249,5126,102,1,3999
90250,5126,103,2,1199
90251,5127,104,2,899
90252,5127,107,1,199
90253,5127,107,1,199
90254,5128,115,1,649
90255,5128,110,1,299
90256,5128,106,2,2299
90257,5129,115,2,649
90258,5130,111,2,349
90259,5130,110,2,299
90260,5130,109,2,449
90261,5131,103,2,1199
90262,5131,116,2,849
90263,5132,103,1,1199
90264,5133,110,1,299
90265,5134,104,1,899
90266,5135,108,1,699
90267,5135,106,2,2299
90268,5135,108,1,699
90269,5136,113,1,2499
90270,5136,108,2,699
90271,5137,101,2,1499
90272,5137,105,1,799
90273,5138,112,2,999
90274,5139,108,2,699
90275,5139,113,1,2499
90276,5139,104,1,899
90277,5140,107,1,199
90278,5141,114,2,399
90279,5142,108,1,699
90280,5143,111,2,349
90281,5144,109,1,449
90282,5144,111,1,349
90283,5145,111,2,349
90284,5145,106,1,2299
90285,5145,115,1,649
90286,5146,108,1,699
90287,5146,114,2,399
90288,5146,114,2,399
90289,5147,113,2,2499
90290,5147,101,2,1499
90291,5148,109,2,449
90292,5149,110,1,299
90293,5149,112,1,999
90294,5150,101,2,1499
90295,5150,113,1,2499
90296,5151,112,2,999
90297,5151,110,2,299
90298,5151,106,1,2299
90299,5152,108,2,699
90300,5152,107,2,199
90301,5152,107,2,199
90302,5153,109,2,449
90303,5153,108,1,699
90304,5154,112,2,999
90305,5155,111,1,349
90306,5155,115,2,649
90307,5155,115,2,649
90308,5156,109,2,449
90309,5156,107,1,199
90310,5157,108,2,699
90311,5157,115,2,649
90312,5158,111,2,349
90313,5158,112,1,999
90314,5158,115,1,649
90315,5159,110,2,299
90316,5159,114,2,399
90317,5159,116,1,849
90318,5160,110,1,299
90319,5161,116,1,849
90320,5161,103,2,1199
90321,5162,111,2,349
90322,5163,102,2,3999
90323,5163,111,2,349
90324,5164,109,2,449
90325,5165,110,1,299
90326,5165,113,1,2499
90327,5166,102,1,3999
90328,5167,104,1,899
90329,5167,115,1,649
90330,5167,110,2,299
90331,5168,103,1,1199
90332,5168,106,1,2299
90333,5169,115,1,649
90334,5169,104,1,899
90335,5169,103,2,1199
90336,5170,109,2,449
90337,5170,114,1,399
90338,5171,116,1,849
90339,5171,109,1,449
90340,5171,102,2,3999
90341,5172,114,2,399
90342,5173,112,1,999
90343,5174,112,1,999
90344,5174,109,1,449
90345,5175,105,1,799
90346,5175,102,1,3999
90347,5176,101,2,1499
90348,5176,111,1,349
90349,5176,106,1,2299
90350,5177,106,2,2299
90351,5178,112,2,999
90352,5178,112,1,999
90353,5178,104,1,899
90354,5179,103,1,1199
90355,5180,115,2,649
90356,5180,114,1,399
90357,5180,102,2,3999
90358,5181,111,2,349
90359,5181,116,2,849
90360,5181,107,1,199
90361,5182,108,1,699
90362,5183,106,1,2299
90363,5184,108,2,699
90364,5184,101,1,1499
90365,5184,101,2,1499
90366,5185,101,2,1499
90367,5185,116,1,849
90368,5186,111,1,349
90369,5186,115,2,649
90370,5187,101,2,1499
90371,5187,102,2,3999
90372,5187,113,2,2499
90373,5188,102,2,3999
90374,5189,109,1,449
90375,5189,107,2,199
90376,5189,107,1,199
90377,5190,107,1,199
90378,5190,116,2,849
90379,5191,107,1,199
90380,5191,105,1,799
90381,5192,103,1,1199
90382,5192,105,2,799
90383,5193,115,1,649
90384,5193,109,2,449
90385,5193,109,1,449
90386,5194,113,1,2499
90387,5194,108,2,699
90388,5195,110,2,299
90389,5195,103,1,1199
90390,5196,115,1,649
90391,5196,114,1,399
90392,5197,102,2,3999
90393,5197,101,1,1499
90394,5198,107,2,199
90395,5198,112,1,999
90396,5199,115,2,649
90397,5199,108,1,699
90398,5199,109,1,449
90399,5200,108,2,699
90400,5200,114,2,399
90401,5200,113,1,2499
90402,5201,109,1,449
90403,5202,109,2,449
90404,5202,105,2,799
90405,5202,107,2,199
90406,5203,108,2,699
90407,5204,103,2,1199
90408,5205,114,2,399
90409,5206,105,2,799
90410,5207,110,2,299
90411,5207,109,1,449
90412,5208,108,1,699
90413,5209,108,1,699
90414,5209,115,2,649
90415,5210,105,1,799
90416,5210,103,2,1199
90417,5210,115,1,649
90418,5211,105,2,799
90419,5211,109,1,449
90420,5211,108,2,699
90421,5212,109,1,449
90422,5212,111,1,349
90423,5212,106,1,2299
90424,5213,107,1,199
90425,5214,106,1,2299
90426,5214,110,1,299
90427,5214,105,1,799
90428,5215,115,2,649
90429,5216,105,2,799
90430,5216,102,2,3999
90431,5216,101,2,1499
90432,5217,104,2,899
90433,5218,107,2,199
90434,5218,102,1,3999
90435,5219,112,1,999
90436,5219,115,2,649
90437,5219,109,2,449
90438,5220,108,2,699
90439,5221,111,1,349
90440,5222,103,2,1199
90441,5223,110,2,299
90442,5223,107,1,199
90443,5224,102,2,3999
90444,5224,102,2,3999
90445,5224,106,1,2299
90446,5225,111,1,349
90447,5226,108,1,699
90448,5226,108,2,699
90449,5226,108,2,699
90450,5227,104,1,899
90451,5228,116,1,849
90452,5228,108,1,699
90453,5228,114,1,399
90454,5229,112,1,999
90455,5229,108,2,699
90456,5229,106,1,2299
90457,5230,101,1,1499
90458,5230,109,2,449
90459,5231,102,2,3999
90460,5232,113,1,2499
90461,5232,114,1,399
90462,5233,104,1,899
90463,5233,110,1,299
90464,5233,115,2,649
90465,5234,103,1,1199
90466,5235,109,1,449
90467,5236,106,1,2299
90468,5236,108,2,699
90469,5236,112,2,999
90470,5237,114,2,399
90471,5237,116,1,849
90472,5238,103,1,1199
90473,5239,115,2,649
90474,5239,116,1,849
90475,5239,101,2,1499
90476,5240,110,1,299
90477,5240,108,2,699
90478,5240,108,2,699
90479,5241,113,2,2499
90480,5241,102,1,3999
90481,5241,108,1,699
90482,5242,106,2,2299
90483,5242,106,2,2299
90484,5243,105,2,799
90485,5243,106,2,2299
90486,5243,111,1,349
90487,5244,107,2,199
90488,5244,111,1,349
90489,5245,111,2,349
90490,5245,104,1,899
90491,5246,106,2,2299
90492,5246,107,1,199
90493,5247,108,1,699
90494,5247,104,2,899
90495,5247,106,2,2299
90496,5248,115,1,649
90497,5248,112,1,999
90498,5249,105,2,799
90499,5249,107,1,199
90500,5249,111,2,349
90501,5250,106,1,2299
90502,5250,106,2,2299
90503,5251,103,2,1199
90504,5251,102,2,3999
90505,5252,101,2,1499
90506,5253,108,2,699
90507,5253,107,1,199
90508,5254,110,1,299
90509,5255,106,2,2299
90510,5255,105,2,799
90511,5256,106,2,2299
90512,5256,114,2,399
90513,5256,102,1,3999
90514,5257,108,2,699
90515,5257,103,2,1199
90516,5257,108,2,699
90517,5258,111,2,349
90518,5259,109,2,449
90519,5259,108,2,699
90520,5259,116,1,849
90521,5260,113,1,2499
90522,5260,105,2,799
90523,5260,110,2,299
90524,5261,107,1,199
90525,5261,102,1,3999
90526,5262,105,2,799
90527,5262,111,2,349
90528,5262,105,1,799
90529,5263,104,1,899
90530,5263,111,1,349
90531,5263,107,2,199
90532,5264,102,2,3999
90533,5264,111,2,349
90534,5264,111,2,349
90535,5265,111,2,349
90536,5266,114,1,399
90537,5266,109,1,449
90538,5267,112,1,999
90539,5267,105,2,799
90540,5267,111,2,349
90541,5268,111,1,349
90542,5268,116,1,849
90543,5269,110,1,299
90544,5269,112,1,999
90545,5269,103,1,1199
90546,5270,108,2,699
90547,5270,109,2,449
90548,5270,103,1,1199
90549,5271,105,2,799
90550,5272,112,1,999
90551,5272,116,1,849
90552,5272,108,2,699
90553,5273,102,2,3999
90554,5273,112,2,999
90555,5273,109,2,449
90556,5274,101,1,1499
90557,5274,107,1,199
90558,5275,107,2,199
90559,5275,105,1,799
90560,5276,114,1,399
90561,5276,113,1,2499
90562,5276,109,1,449
90563,5277,103,2,1199
90564,5277,108,2,699
90565,5277,116,2,849
90566,5278,104,2,899
90567,5278,114,2,399
90568,5278,102,1,3999
90569,5279,111,1,349
90570,5279,106,2,2299
90571,5279,105,2,799
90572,5280,116,1,849
90573,5280,103,2,1199
90574,5280,106,2,2299
90575,5281,102,2,3999
90576,5281,116,1,849
90577,5282,101,1,1499
90578,5282,104,1,899
90579,5283,108,1,699
90580,5283,111,1,349
90581,5283,105,2,799
90582,5284,106,1,2299
90583,5285,106,1,2299
90584,5286,112,1,999
90585,5286,104,1,899
90586,5286,105,2,799
90587,5287,104,1,899
90588,5287,103,2,1199
90589,5288,112,1,999
90590,5288,102,1,3999
90591,5288,101,2,1499
90592,5289,108,2,699
90593,5289,105,2,799
90594,5290,112,2,999
90595,5291,109,1,449
90596,5291,105,2,799
90597,5291,103,1,1199
90598,5292,111,1,349
90599,5292,107,1,199
90600,5293,112,2,999
90601,5293,111,1,349
90602,5293,109,1,449
90603,5294,109,2,449
90604,5295,106,1,2299
90605,5296,109,1,449
90606,5296,104,2,899
90607,5297,108,1,699
90608,5297,103,2,1199
90609,5297,103,1,1199
90610,5298,104,1,899
90611,5298,114,2,399
90612,5298,115,1,649
90613,5299,108,1,699
90614,5300,114,1,399
90615,5300,114,2,399
90616,5300,104,1,899
90617,5301,111,1,349
90618,5301,114,1,399
90619,5302,111,1,349
90620,5302,110,1,299
90621,5302,110,2,299
90622,5303,106,1,2299
90623,5303,105,1,799
90624,5303,107,1,199
90625,5304,114,2,399
90626,5305,102,1,3999
90627,5305,107,2,199
90628,5306,114,1,399
90629,5306,102,1,3999
90630,5307,101,2,1499
90631,5308,106,1,2299
90632,5308,109,2,449
90633,5309,110,2,299
90634,5309,115,2,649
90635,5310,105,2,799
90636,5310,113,2,2499
90637,5310,114,1,399
90638,5311,114,2,399
90639,5312,109,2,449
90640,5312,114,2,399
90641,5312,112,2,999
90642,5313,113,2,2499
90643,5314,115,2,649
90644,5314,105,1,799
90645,5315,115,2,649
90646,5315,110,1,299
90647,5316,108,1,699
90648,5316,111,1,349
90649,5316,106,2,2299
90650,5317,103,2,1199
90651,5318,109,2,449
90652,5318,109,2,449
90653,5319,104,1,899
90654,5319,110,1,299
90655,5320,112,2,999
90656,5321,109,2,449
90657,5321,105,1,799
90658,5321,103,1,1199
90659,5322,109,2,449
90660,5322,104,1,899
90661,5322,110,1,299
90662,5323,109,1,449
90663,5323,112,2,999
90664,5324,109,2,449
90665,5324,105,1,799
90666,5325,107,1,199
90667,5325,101,1,1499
90668,5325,112,2,999
90669,5326,111,1,349
90670,5326,110,2,299
90671,5326,112,2,999
90672,5327,110,1,299
90673,5328,102,2,3999
90674,5328,109,2,449
90675,5328,112,1,999
90676,5329,111,2,349
90677,5329,102,2,3999
90678,5329,106,1,2299
90679,5330,110,1,299
90680,5331,103,1,1199
90681,5331,107,1,199
90682,5331,115,2,649
90683,5332,109,2,449
90684,5332,110,1,299
90685,5333,113,2,2499
90686,5333,102,1,3999
90687,5334,116,2,849
90688,5334,111,2,349
90689,5335,103,1,1199
90690,5335,110,2,299
90691,5335,102,2,3999
90692,5336,110,2,299
90693,5336,102,1,3999
90694,5336,106,1,2299
90695,5337,107,1,199
90696,5337,109,1,449
90697,5337,108,1,699
90698,5338,101,1,1499
90699,5338,111,2,349
90700,5338,103,2,1199
90701,5339,114,1,399
90702,5340,113,2,2499
90703,5340,113,1,2499
90704,5341,108,1,699
90705,5341,116,1,849
90706,5342,109,1,449
90707,5342,107,1,199
90708,5343,104,1,899
90709,5343,103,1,1199
90710,5344,116,1,849
90711,5344,103,1,1199
90712,5344,112,1,999
90713,5345,107,1,199
90714,5345,103,1,1199
90715,5346,107,1,199
90716,5347,102,2,3999
90717,5347,104,1,899
90718,5347,103,1,1199
90719,5348,112,1,999
90720,5349,110,1,299
90721,5350,106,1,2299
90722,5350,109,1,449
90723,5350,108,2,699
90724,5351,106,2,2299
90725,5351,103,1,1199
90726,5352,103,1,1199
90727,5353,107,2,199
90728,5354,108,1,699
90729,5354,113,1,2499
90730,5355,115,1,649
90731,5356,111,2,349
90732,5357,107,2,199
90733,5357,107,1,199
90734,5358,105,1,799
90735,5359,101,1,1499
90736,5359,106,1,2299
90737,5359,112,1,999
90738,5360,114,2,399
90739,5360,115,2,649
90740,5360,102,1,3999
90741,5361,103,1,1199
90742,5362,101,1,1499
90743,5362,112,1,999
90744,5362,109,1,449
90745,5363,106,1,2299
90746,5364,109,1,449
90747,5365,112,1,999
90748,5365,106,2,2299
90749,5365,116,2,849
90750,5366,104,2,899
90751,5366,113,1,2499
90752,5366,103,1,1199
90753,5367,110,1,299
90754,5367,110,2,299
90755,5368,106,2,2299
90756,5369,104,1,899
90757,5369,115,2,649
90758,5370,105,1,799
90759,5370,104,2,899
90760,5371,103,1,1199
90761,5371,112,2,999
90762,5372,106,1,2299
90763,5373,102,2,3999
90764,5373,103,2,1199
90765,5374,113,1,2499
90766,5374,111,2,349
90767,5374,107,1,199
90768,5375,109,2,449
90769,5375,110,1,299
90770,5376,109,2,449
90771,5376,103,2,1199
90772,5376,106,2,2299
90773,5377,115,2,649
90774,5378,116,1,849
90775,5379,111,2,349
90776,5379,103,2,1199
90777,5380,105,1,799
90778,5381,109,1,449
90779,5381,105,1,799
90780,5381,110,1,299
90781,5382,109,2,449
90782,5382,105,2,799
90783,5382,113,2,2499
90784,5383,111,1,349
90785,5383,105,1,799
90786,5383,111,2,349
90787,5384,103,2,1199
90788,5384,103,2,1199
90789,5384,109,2,449
90790,5385,102,2,3999
90791,5385,110,1,299
90792,5386,105,2,799
90793,5387,112,2,999
90794,5387,110,2,299
90795,5388,107,1,199
90796,5388,109,2,449
90797,5389,114,1,399
90798,5389,113,2,2499
90799,5390,102,1,3999
90800,5390,112,2,999
90801,5391,102,1,3999
90802,5391,110,2,299
90803,5392,104,1,899
90804,5392,108,2,699
90805,5392,109,1,449
90806,5393,103,1,1199
90807,5393,113,2,2499
90808,5393,114,2,399
90809,5394,105,2,799
90810,5394,108,2,699
90811,5394,106,1,2299
90812,5395,103,1,1199
90813,5395,106,1,2299
90814,5395,107,2,199
90815,5396,104,1,899
90816,5397,115,1,649
90817,5397,102,2,3999
90818,5397,113,1,2499
90819,5398,112,2,999
90820,5399,113,1,2499
90821,5399,110,1,299
90822,5400,115,2,649
90823,5400,104,1,899
90824,5401,108,2,699
90825,5401,107,2,199
90826,5401,102,1,3999
90827,5402,108,1,699
90828,5403,112,1,999
90829,5403,116,1,849
90830,5403,102,2,3999
90831,5404,113,2,2499
90832,5404,108,2,699
90833,5404,115,1,649
90834,5405,101,2,1499
90835,5405,112,1,999
90836,5405,115,2,649
90837,5406,112,1,999
90838,5406,113,2,2499
90839,5407,101,1,1499
90840,5407,113,2,2499
90841,5408,112,1,999
90842,5409,113,2,2499
90843,5410,111,1,349
90844,5410,115,2,649
90845,5411,103,2,1199
90846,5412,114,2,399
90847,5412,110,1,299
90848,5412,107,2,199
90849,5413,114,2,399
90850,5413,112,1,999
90851,5413,104,2,899
90852,5414,105,1,799
90853,5415,102,1,3999
90854,5416,102,1,3999
90855,5416,116,2,849
90856,5417,101,1,1499
90857,5417,105,1,799
90858,5418,110,1,299
90859,5419,107,1,199
90860,5419,113,2,2499
90861,5419,107,1,199
90862,5420,106,1,2299
90863,5420,107,1,199
90864,5421,106,1,2299
90865,5421,111,1,349
90866,5421,109,2,449
90867,5422,109,1,449
90868,5422,101,1,1499
90869,5423,104,2,899
90870,5423,116,1,849
90871,5423,116,1,849
90872,5424,113,1,2499
90873,5424,112,1,999
90874,5424,103,2,1199
90875,5425,112,1,999
90876,5425,101,1,1499
90877,5426,116,2,849
90878,5426,102,1,3999
90879,5426,107,2,199
90880,5427,102,2,3999
90881,5427,113,1,2499
90882,5428,109,1,449
90883,5428,110,1,299
90884,5429,108,2,699
90885,5429,116,1,849
90886,5429,108,2,699
90887,5430,106,1,2299
90888,5430,114,2,399
90889,5430,108,2,699
90890,5431,102,2,3999
90891,5432,111,1,349
90892,5432,110,2,299
90893,5432,106,1,2299
90894,5433,105,1,799
90895,5433,113,2,2499
90896,5434,115,2,649
90897,5435,106,1,2299
90898,5435,115,2,649
90899,5435,102,1,3999
90900,5436,112,2,999
90901,5437,101,1,1499
90902,5438,103,1,1199
90903,5438,104,1,899
90904,5438,111,2,349
90905,5439,107,1,199
90906,5439,103,1,1199
90907,5439,115,2,649
90908,5440,109,2,449
90909,5441,102,1,3999
90910,5441,104,1,899
90911,5441,102,1,3999
90912,5442,110,2,299
90913,5443,109,1,449
90914,5444,107,2,199
90915,5444,110,1,299
90916,5445,114,2,399
90917,5445,107,1,199
90918,5446,109,1,449
90919,5446,102,2,3999
90920,5447,115,1,649
90921,5447,104,1,899
90922,5447,102,2,3999
90923,5448,104,1,899
90924,5448,104,2,899
90925,5449,111,1,349
90926,5449,112,2,999
90927,5449,105,1,799
90928,5450,107,1,199
90929,5451,110,2,299
90930,5451,112,1,999
90931,5451,111,2,349
90932,5452,101,2,1499
90933,5452,108,1,699
90934,5453,101,2,1499
90935,5453,102,1,3999
90936,5453,110,1,299
90937,5454,113,2,2499
90938,5454,108,1,699
90939,5454,104,1,899
90940,5455,103,1,1199
90941,5455,109,2,449
90942,5456,108,1,699
90943,5456,111,1,349
90944,5456,109,2,449
90945,5457,109,1,449
90946,5457,109,2,449
90947,5457,102,1,3999
90948,5458,102,1,3999
90949,5459,105,1,799
90950,5459,116,2,849
90951,5460,101,1,1499
90952,5461,111,1,349
90953,5461,110,2,299
90954,5462,107,2,199
90955,5462,106,2,2299
90956,5462,116,1,849
90957,5463,108,2,699
90958,5463,110,2,299
90959,5464,113,1,2499
90960,5464,110,1,299
90961,5464,107,2,199
90962,5465,114,2,399
90963,5465,114,2,399
90964,5465,102,2,3999
90965,5466,106,2,2299
90966,5466,110,2,299
90967,5466,102,1,3999
90968,5467,110,2,299
90969,5468,109,2,449
90970,5468,104,2,899
90971,5468,104,1,899
90972,5469,109,1,449
90973,5469,108,2,699
90974,5470,101,2,1499
90975,5470,113,1,2499
90976,5470,101,2,1499
90977,5471,111,1,349
90978,5472,106,1,2299
90979,5473,114,1,399
90980,5474,103,2,1199
90981,5474,112,2,999
90982,5474,101,2,1499
90983,5475,109,1,449
90984,5476,108,1,699
90985,5476,107,1,199
90986,5477,101,1,1499
90987,5477,101,2,1499
90988,5478,106,2,2299
90989,5479,106,2,2299
90990,5479,108,1,699
90991,5479,105,1,799
90992,5480,103,2,1199
90993,5480,109,1,449
90994,5481,108,2,699
90995,5482,116,2,849
90996,5483,109,2,449
90997,5484,105,2,799
90998,5484,101,2,1499
90999,5484,108,1,699
91000,5485,103,1,1199
91001,5485,113,2,2499
91002,5486,101,1,1499
91003,5486,110,2,299
91004,5486,109,1,449
91005,5487,109,2,449
91006,5487,113,2,2499
91007,5487,107,2,199
91008,5488,105,1,799
91009,5489,106,1,2299
91010,5489,113,2,2499
91011,5489,107,1,199
91012,5490,114,1,399
91013,5490,106,1,2299
91014,5490,107,2,199
91015,5491,111,1,349
91016,5491,104,2,899
91017,5491,108,2,699
91018,5492,116,2,849
91019,5492,108,2,699
91020,5492,112,1,999
91021,5493,104,1,899
91022,5493,116,2,849
91023,5493,111,2,349
91024,5494,116,2,849
91025,5495,104,1,899
91026,5495,111,2,349
91027,5495,103,1,1199
91028,5496,112,2,999
91029,5497,109,1,449
91030,5497,114,2,399
91031,5498,113,1,2499
91032,5499,112,2,999
91033,5500,106,2,2299
91034,5501,114,2,399
91035,5501,114,1,399
91036,5502,115,2,649
91037,5502,111,2,349
91038,5503,101,1,1499
91039,5504,106,1,2299
91040,5504,104,2,899
91041,5504,104,2,899
91042,5505,109,2,449
91043,5505,112,1,999
91044,5505,107,2,199
91045,5506,102,2,3999
91046,5506,107,1,199
91047,5506,110,1,299
91048,5507,103,2,1199
91049,5508,106,2,2299
91050,5509,104,1,899
91051,5509,103,1,1199
91052,5509,107,1,199
91053,5510,114,1,399
91054,5510,106,1,2299
91055,5510,115,1,649
91056,5511,105,1,799
91057,5511,108,1,699
91058,5511,106,2,2299
91059,5512,109,2,449
91060,5513,107,1,199
91061,5513,113,1,2499
91062,5513,111,2,349
91063,5514,108,1,699
91064,5515,104,1,899
91065,5515,107,2,199
91066,5515,114,2,399
91067,5516,109,2,449
91068,5517,104,2,899
91069,5518,102,2,3999
91070,5518,102,2,3999
91071,5519,110,2,299
91072,5520,110,1,299
91073,5520,108,1,699
91074,5521,109,2,449
91075,5522,110,1,299
91076,5522,106,2,2299
91077,5523,115,2,649
91078,5523,108,1,699
91079,5523,114,2,399
91080,5524,108,2,699
91081,5524,111,2,349
91082,5525,101,2,1499
91083,5526,105,1,799
91084,5526,105,2,799
91085,5527,104,2,899
91086,5528,107,2,199
91087,5529,106,2,2299
91088,5529,102,1,3999
91089,5530,102,1,3999
91090,5531,107,1,199
91091,5532,113,2,2499
91092,5533,113,1,2499
91093,5533,114,1,399
91094,5533,101,1,1499
91095,5534,104,1,899
91096,5534,102,2,3999
91097,5534,108,2,699
91098,5535,109,2,449
91099,5535,101,1,1499
91100,5536,107,2,199
91101,5536,107,2,199
91102,5537,107,2,199
91103,5538,116,1,849
91104,5539,106,1,2299
91105,5539,107,2,199
91106,5540,110,2,299
91107,5541,104,1,899
91108,5541,102,1,3999
91109,5541,116,2,849
91110,5542,112,1,999
91111,5542,110,2,299
91112,5543,114,1,399
91113,5543,107,2,199
91114,5544,107,1,199
91115,5544,108,1,699
91116,5544,107,2,199
91117,5545,113,2,2499
91118,5546,101,2,1499
91119,5546,103,1,1199
91120,5546,116,2,849
91121,5547,112,2,999
91122,5547,110,1,299
91123,5547,102,2,3999
91124,5548,111,2,349
91125,5548,110,1,299
91126,5548,105,1,799
91127,5549,101,1,1499
91128,5550,103,2,1199
91129,5550,113,1,2499
91130,5550,116,1,849
91131,5551,102,2,3999
91132,5551,114,2,399
91133,5552,105,2,799
91134,5553,110,1,299
91135,5553,104,2,899
91136,5553,113,2,2499
91137,5554,111,2,349
91138,5554,106,1,2299
91139,5555,115,2,649
91140,5556,110,2,299
91141,5556,101,2,1499
91142,5556,107,1,199
91143,5557,108,2,699
91144,5557,112,1,999
91145,5558,109,2,449
91146,5558,116,1,849
91147,5559,102,1,3999
91148,5559,106,1,2299
91149,5559,113,1,2499
91150,5560,105,1,799
91151,5560,111,1,349
91152,5560,111,1,349
91153,5561,104,1,899
91154,5562,113,2,2499
91155,5562,106,1,2299
91156,5562,102,1,3999
91157,5563,101,2,1499
91158,5564,110,2,299
91159,5564,114,1,399
91160,5565,106,2,2299
91161,5565,110,2,299
91162,5566,115,2,649
91163,5567,103,2,1199
91164,5567,108,1,699
91165,5567,101,1,1499
91166,5568,110,2,299
91167,5568,107,1,199
91168,5568,102,1,3999
91169,5569,112,2,999
91170,5570,106,1,2299
91171,5571,116,1,849
91172,5572,111,2,349
91173,5573,104,1,899
91174,5573,111,2,349
91175,5574,108,1,699
91176,5574,108,1,699
91177,5574,101,2,1499
91178,5575,111,2,349
91179,5575,106,1,2299
91180,5575,110,1,299
91181,5576,113,2,2499
91182,5577,109,2,449
91183,5578,108,1,699
91184,5578,110,1,299
91185,5578,101,1,1499
91186,5579,105,2,799
91187,5579,101,2,1499
91188,5579,110,2,299
91189,5580,101,2,1499
91190,5580,107,1,199
91191,5581,111,1,349
91192,5581,111,1,349
91193,5581,106,2,2299
91194,5582,109,1,449
91195,5582,115,1,649
91196,5583,111,1,349
91197,5583,109,1,449
91198,5583,104,1,899
91199,5584,103,1,1199
91200,5585,113,2,2499
91201,5585,116,1,849
91202,5586,103,2,1199
91203,5586,108,2,699
91204,5586,108,1,699
91205,5587,105,2,799
91206,5587,106,2,2299
91207,5587,113,2,2499
91208,5588,109,2,449
91209,5588,107,2,199
91210,5588,108,2,699
91211,5589,109,1,449
91212,5589,112,2,999
91213,5590,101,2,1499
91214,5591,116,2,849
91215,5591,111,2,349
91216,5592,113,1,2499
91217,5592,109,1,449
91218,5592,104,1,899
91219,5593,102,2,3999
91220,5593,106,1,2299
91221,5594,106,1,2299
91222,5594,102,1,3999
91223,5595,112,1,999
91224,5596,109,1,449
91225,5596,108,2,699
91226,5597,112,1,999
91227,5598,101,1,1499
91228,5598,102,1,3999
91229,5598,105,2,799
91230,5599,107,2,199
91231,5599,102,2,3999
91232,5599,104,2,899
91233,5600,104,1,899
91234,5601,102,2,3999
91235,5602,112,2,999
91236,5602,112,2,999
91237,5602,114,2,399
91238,5603,105,2,799
91239,5603,110,1,299
91240,5603,111,2,349
91241,5604,108,1,699
91242,5604,101,1,1499
91243,5605,109,2,449
91244,5605,108,1,699
91245,5606,108,1,699
91246,5607,109,2,449
91247,5607,113,2,2499
91248,5608,116,2,849
91249,5608,106,1,2299
91250,5608,104,1,899
91251,5609,108,1,699
91252,5610,108,1,699
91253,5610,112,1,999
91254,5611,104,1,899
91255,5611,115,2,649
91256,5611,110,2,299
91257,5612,102,2,3999
91258,5612,113,1,2499
91259,5612,111,2,349
91260,5613,113,1,2499
91261,5614,113,1,2499
91262,5614,109,1,449
91263,5615,108,1,699
91264,5615,107,1,199
91265,5616,116,1,849
91266,5616,101,1,1499
91267,5616,116,1,849
91268,5617,106,2,2299
91269,5617,108,1,699
91270,5618,103,2,1199
91271,5618,101,1,1499
91272,5618,107,1,199
91273,5619,106,1,2299
91274,5619,115,2,649
91275,5619,107,1,199
91276,5620,106,2,2299
91277,5620,108,2,699
91278,5621,112,1,999
91279,5621,114,2,399
91280,5622,103,2,1199
91281,5623,109,2,449
91282,5624,106,2,2299
91283,5624,108,2,699
91284,5625,102,2,3999
91285,5625,115,1,649
91286,5626,112,1,999
91287,5626,103,1,1199
91288,5626,110,1,299
91289,5627,102,1,3999
91290,5627,111,2,349
91291,5628,110,2,299
91292,5628,113,2,2499
91293,5628,101,1,1499
91294,5629,106,2,2299
91295,5630,105,1,799
91296,5631,106,2,2299
91297,5631,111,1,349
91298,5631,107,2,199
91299,5632,111,1,349
91300,5632,109,1,449
91301,5632,107,1,199
91302,5633,111,1,349
91303,5633,102,1,3999
91304,5633,101,2,1499
91305,5634,104,1,899
91306,5635,111,1,349
91307,5636,111,1,349
91308,5636,101,2,1499
91309,5637,115,1,649
91310,5637,101,2,1499
91311,5637,110,2,299
91312,5638,101,1,1499
91313,5638,108,1,699
91314,5639,114,2,399
91315,5639,108,1,699
91316,5640,113,1,2499
91317,5640,104,1,899
91318,5641,109,1,449
91319,5641,102,1,3999
91320,5642,112,1,999
91321,5643,115,1,649
91322,5644,104,2,899
91323,5644,114,2,399
91324,5644,104,2,899
91325,5645,115,2,649
91326,5645,110,2,299
91327,5646,113,1,2499
91328,5646,109,1,449
91329,5647,102,1,3999
91330,5647,109,1,449
91331,5647,101,2,1499
91332,5648,115,2,649
91333,5648,111,1,349
91334,5648,114,2,399
91335,5649,110,1,299
91336,5649,102,1,3999
91337,5650,105,1,799
91338,5650,104,2,899
91339,5650,102,2,3999
91340,5651,111,2,349
91341,5651,101,1,1499
91342,5651,101,1,1499
91343,5652,108,2,699
91344,5652,104,2,899
91345,5652,103,1,1199
91346,5653,101,2,1499
91347,5653,109,2,449
91348,5654,105,1,799
91349,5654,115,2,649
91350,5654,116,1,849
91351,5655,105,1,799
91352,5655,106,1,2299
91353,5655,108,2,699
91354,5656,101,1,1499
91355,5657,111,1,349
91356,5657,115,2,649
91357,5657,111,2,349
91358,5658,110,2,299
91359,5658,102,2,3999
91360,5659,111,1,349
91361,5660,115,2,649
91362,5660,109,2,449
91363,5661,108,1,699
91364,5661,105,1,799
91365,5661,107,1,199
91366,5662,115,2,649
91367,5663,107,2,199
91368,5664,110,1,299
91369,5665,101,1,1499
91370,5665,110,1,299
91371,5666,115,1,649
91372,5667,110,1,299
91373,5668,109,2,449
91374,5668,101,2,1499
91375,5668,108,2,699
91376,5669,115,1,649
91377,5670,113,2,2499
91378,5670,110,2,299
91379,5670,110,2,299
91380,5671,101,1,1499
91381,5671,113,1,2499
91382,5671,102,2,3999
91383,5672,107,1,199
91384,5672,111,1,349
91385,5672,107,2,199
91386,5673,107,2,199
91387,5673,102,1,3999
91388,5673,108,2,699
91389,5674,107,2,199
91390,5674,104,1,899
91391,5675,101,2,1499
91392,5676,109,1,449
91393,5676,109,1,449
91394,5676,116,2,849
91395,5677,110,1,299
91396,5677,110,1,299
91397,5678,107,2,199
91398,5678,115,1,649
91399,5678,110,2,299
91400,5679,110,1,299
91401,5679,105,1,799
91402,5680,116,2,849
91403,5681,104,1,899
91404,5681,110,2,299
91405,5681,107,2,199
91406,5682,106,1,2299
91407,5683,114,2,399
91408,5684,113,2,2499
91409,5684,108,1,699
91410,5684,105,2,799
91411,5685,105,2,799
91412,5685,114,2,399
91413,5686,101,2,1499
91414,5687,103,1,1199
91415,5687,102,2,3999
91416,5687,107,1,199
91417,5688,112,1,999
91418,5688,102,2,3999
91419,5688,101,1,1499
91420,5689,114,2,399
91421,5690,115,2,649
91422,5691,109,1,449
91423,5691,103,1,1199
91424,5691,106,1,2299
91425,5692,111,2,349
91426,5693,108,2,699
91427,5693,103,2,1199
91428,5693,114,1,399
91429,5694,115,1,649
91430,5695,104,2,899
91431,5695,104,2,899
91432,5695,105,2,799
91433,5696,108,2,699
91434,5696,104,2,899
91435,5696,101,1,1499
91436,5697,106,2,2299
91437,5697,105,1,799
91438,5698,110,2,299
91439,5699,108,2,699
91440,5700,115,2,649
91441,5700,107,2,199
91442,5701,109,2,449
91443,5701,110,2,299
91444,5702,108,1,699
91445,5702,116,1,849
91446,5703,112,2,999
91447,5703,114,2,399
91448,5704,113,1,2499
91449,5704,102,2,3999
91450,5705,110,2,299
91451,5705,107,1,199
91452,5706,110,2,299
91453,5707,106,2,2299
91454,5708,116,2,849
91455,5708,104,1,899
91456,5709,101,1,1499
91457,5710,115,1,649
91458,5710,101,1,1499
91459,5711,109,2,449
91460,5712,108,1,699
91461,5712,104,2,899
91462,5713,112,2,999
91463,5713,115,1,649
91464,5713,108,2,699
91465,5714,112,1,999
91466,5714,103,2,1199
91467,5714,107,2,199
91468,5715,104,2,899
91469,5715,113,2,2499
91470,5716,112,1,999
91471,5716,112,2,999
91472,5716,110,1,299
91473,5717,114,2,399
91474,5717,109,2,449
91475,5717,106,1,2299
91476,5718,111,2,349
91477,5718,107,2,199
91478,5719,110,1,299
91479,5720,102,2,3999
91480,5720,107,1,199
91481,5720,106,1,2299
91482,5721,103,1,1199
91483,5721,115,2,649
91484,5721,112,2,999
91485,5722,113,2,2499
91486,5722,106,1,2299
91487,5723,112,2,999
91488,5723,114,2,399
91489,5724,103,1,1199
91490,5724,109,1,449
91491,5725,104,2,899
91492,5725,105,1,799
91493,5726,110,2,299
91494,5726,102,1,3999
91495,5727,102,1,3999
91496,5727,106,1,2299
91497,5727,106,2,2299
91498,5728,108,1,699
91499,5728,110,1,299
91500,5729,103,1,1199
91501,5730,116,1,849
91502,5731,102,2,3999
91503,5731,110,2,299
91504,5732,104,2,899
91505,5732,105,1,799
91506,5733,101,2,1499
91507,5733,114,1,399
91508,5733,113,2,2499
91509,5734,105,1,799
91510,5734,106,2,2299
91511,5735,103,2,1199
91512,5735,111,1,349
91513,5736,116,2,849
91514,5737,106,1,2299
91515,5737,107,2,199
91516,5737,109,2,449
91517,5738,109,1,449
91518,5738,108,1,699
91519,5739,109,1,449
91520,5739,109,1,449
91521,5739,107,1,199
91522,5740,115,1,649
91523,5740,110,1,299
91524,5740,105,2,799
91525,5741,115,2,649
91526,5741,102,1,3999
91527,5741,109,1,449
91528,5742,108,1,699
91529,5742,103,1,1199
91530,5742,101,1,1499
91531,5743,108,2,699
91532,5743,106,1,2299
91533,5744,110,1,299
91534,5744,105,1,799
91535,5744,111,1,349
91536,5745,112,1,999
91537,5745,116,1,849
91538,5745,107,2,199
91539,5746,103,2,1199
91540,5746,107,2,199
91541,5746,105,2,799
91542,5747,103,1,1199
91543,5747,109,1,449
91544,5748,109,1,449
91545,5749,116,2,849
91546,5750,114,1,399
91547,5750,110,2,299
91548,5751,105,2,799
91549,5751,114,2,399
91550,5752,113,2,2499
91551,5752,113,1,2499
91552,5752,105,1,799
91553,5753,116,1,849
91554,5753,110,2,299
91555,5753,103,1,1199
91556,5754,112,1,999
91557,5754,105,1,799
91558,5754,104,1,899
91559,5755,109,1,449
91560,5756,109,2,449
91561,5756,116,2,849
91562,5756,108,2,699
91563,5757,114,1,399
91564,5758,104,2,899
91565,5758,110,2,299
91566,5758,103,1,1199
91567,5759,105,2,799
91568,5759,112,2,999
91569,5760,115,1,649
91570,5760,106,2,2299
91571,5761,106,2,2299
91572,5761,103,1,1199
91573,5762,108,2,699
91574,5762,112,1,999
91575,5762,113,1,2499
91576,5763,107,2,199
91577,5764,112,2,999
91578,5764,103,2,1199
91579,5764,114,2,399
91580,5765,101,1,1499
91581,5765,116,2,849
91582,5765,103,1,1199
91583,5766,109,1,449
91584,5767,109,1,449
91585,5768,102,2,3999
91586,5768,110,1,299
91587,5768,110,2,299
91588,5769,103,1,1199
91589,5770,103,1,1199
91590,5771,109,2,449
91591,5771,104,1,899
91592,5772,102,2,3999
91593,5773,111,2,349
91594,5773,110,1,299
91595,5774,113,1,2499
91596,5774,107,1,199
91597,5774,115,2,649
91598,5775,112,2,999
91599,5776,113,1,2499
91600,5776,109,1,449
91601,5776,115,2,649
91602,5777,106,1,2299
91603,5777,111,2,349
91604,5778,112,2,999
91605,5778,108,1,699
91606,5779,102,2,3999
91607,5779,105,2,799
91608,5779,108,2,699
91609,5780,102,2,3999
91610,5781,114,1,399
91611,5782,108,1,699
91612,5783,115,1,649
91613,5783,114,2,399
91614,5784,108,2,699
91615,5785,107,2,199
91616,5785,108,1,699
91617,5785,106,2,2299
91618,5786,107,2,199
91619,5786,105,2,799
91620,5786,103,2,1199
91621,5787,113,2,2499
91622,5787,109,2,449
91623,5787,116,1,849
91624,5788,103,1,1199
91625,5788,108,1,699
91626,5789,109,1,449
91627,5790,116,2,849
91628,5790,109,1,449
91629,5791,107,2,199
91630,5791,115,1,649
91631,5792,112,1,999
91632,5793,107,2,199
91633,5793,103,2,1199
91634,5793,107,2,199
91635,5794,101,1,1499
91636,5794,109,1,449
91637,5795,116,2,849
91638,5796,105,2,799
91639,5796,113,2,2499
91640,5796,105,2,799
91641,5797,101,2,1499
91642,5798,108,2,699
91643,5799,109,2,449
91644,5800,115,2,649
91645,5800,111,2,349
91646,5800,115,2,649
91647,5801,108,1,699
91648,5801,114,1,399
91649,5802,104,2,899
91650,5802,107,1,199
91651,5803,104,1,899
91652,5804,112,1,999
91653,5804,103,1,1199
91654,5804,101,2,1499
91655,5805,111,1,349
91656,5805,104,1,899
91657,5805,103,2,1199
91658,5806,112,2,999
91659,5806,111,1,349
91660,5807,110,1,299
91661,5807,102,2,3999
91662,5808,110,2,299
91663,5808,115,1,649
91664,5808,110,2,299
91665,5809,105,1,799
91666,5809,102,1,3999
91667,5809,106,2,2299
91668,5810,108,1,699
91669,5810,103,1,1199
91670,5811,104,2,899
91671,5811,101,1,1499
91672,5812,116,1,849
91673,5813,102,2,3999
91674,5813,108,2,699
91675,5814,116,1,849
91676,5815,111,1,349
91677,5815,112,2,999
91678,5815,112,1,999
91679,5816,107,1,199
91680,5816,113,2,2499
91681,5816,103,2,1199
91682,5817,101,2,1499
91683,5817,111,2,349
91684,5818,111,2,349
91685,5819,113,1,2499
91686,5819,108,1,699
91687,5819,113,1,2499
91688,5820,105,1,799
91689,5820,102,1,3999
91690,5820,103,2,1199
91691,5821,108,2,699
91692,5821,103,1,1199
91693,5822,104,1,899
91694,5822,103,2,1199
91695,5823,107,1,199
91696,5823,105,1,799
91697,5823,107,1,199
91698,5824,110,2,299
91699,5824,103,1,1199
91700,5824,109,2,449
91701,5825,105,2,799
91702,5825,103,1,1199
91703,5826,116,2,849
91704,5826,108,1,699
91705,5827,108,1,699
91706,5827,102,1,3999
91707,5827,109,2,449
91708,5828,113,1,2499
91709,5829,102,1,3999
91710,5829,109,2,449
91711,5830,104,2,899
91712,5831,105,2,799
91713,5832,105,1,799
91714,5833,107,1,199
91715,5833,112,1,999
91716,5834,107,1,199
91717,5835,115,2,649
91718,5835,110,1,299
91719,5836,111,1,349
91720,5836,103,1,1199
91721,5837,108,2,699
91722,5838,102,2,3999
91723,5839,116,1,849
91724,5839,114,1,399
91725,5839,101,1,1499
91726,5840,115,2,649
91727,5841,108,1,699
91728,5841,114,1,399
91729,5841,104,2,899
91730,5842,106,1,2299
91731,5842,110,2,299
91732,5843,106,2,2299
91733,5843,111,2,349
91734,5843,107,2,199
91735,5844,104,1,899
91736,5844,102,2,3999
91737,5845,109,2,449
91738,5845,110,1,299
91739,5846,103,2,1199
91740,5846,104,2,899
91741,5847,102,2,3999
91742,5848,105,2,799
91743,5848,107,1,199
91744,5849,116,1,849
91745,5849,115,2,649
91746,5849,110,2,299
91747,5850,102,1,3999
91748,5851,113,1,2499
91749,5851,115,1,649
91750,5852,111,1,349
91751,5852,111,2,349
91752,5852,108,2,699
91753,5853,102,2,3999
91754,5853,102,1,3999
91755,5854,103,2,1199
91756,5855,113,1,2499
91757,5855,109,1,449
91758,5856,106,1,2299
91759,5857,110,1,299
91760,5858,112,2,999
91761,5858,101,2,1499
91762,5858,114,1,399
91763,5859,106,1,2299
91764,5860,115,1,649
91765,5861,108,1,699
91766,5861,104,1,899
91767,5862,101,2,1499
91768,5863,111,1,349
91769,5864,110,2,299
91770,5865,111,1,349
91771,5866,103,1,1199
91772,5866,101,2,1499
91773,5867,107,2,199
91774,5867,114,2,399
91775,5867,114,2,399
91776,5868,105,1,799
91777,5868,107,1,199
91778,5868,102,2,3999
91779,5869,103,1,1199
91780,5870,102,2,3999
91781,5871,102,1,3999
91782,5872,103,2,1199
91783,5872,109,2,449
91784,5872,116,1,849
91785,5873,110,2,299
91786,5874,107,2,199
91787,5874,107,1,199
91788,5874,105,2,799
91789,5875,112,1,999
91790,5875,103,1,1199
91791,5876,110,1,299
91792,5877,113,2,2499
91793,5878,107,1,199
91794,5878,113,2,2499
91795,5878,104,2,899
91796,5879,107,2,199
91797,5879,107,1,199
91798,5880,106,2,2299
91799,5881,115,1,649
91800,5881,109,1,449
91801,5881,110,2,299
91802,5882,101,2,1499
91803,5883,109,2,449
91804,5884,107,2,199
91805,5884,107,1,199
91806,5884,101,1,1499
91807,5885,113,1,2499
91808,5886,108,2,699
91809,5886,101,2,1499
91810,5887,108,2,699
91811,5887,115,1,649
91812,5887,116,1,849
91813,5888,113,2,2499
91814,5889,102,1,3999
91815,5890,102,2,3999
91816,5890,110,2,299
91817,5890,111,1,349
91818,5891,107,2,199
91819,5891,107,2,199
91820,5892,101,2,1499
91821,5892,103,1,1199
91822,5893,108,1,699
91823,5893,104,1,899
91824,5894,110,2,299
91825,5895,103,2,1199
91826,5895,105,1,799
91827,5895,108,2,699
91828,5896,113,1,2499
91829,5896,109,2,449
91830,5897,104,2,899
91831,5898,104,2,899
91832,5898,103,1,1199
91833,5898,113,1,2499
91834,5899,111,2,349
91835,5900,115,1,649
91836,5900,103,2,1199
91837,5900,105,1,799
91838,5901,114,1,399
91839,5901,106,1,2299
91840,5902,109,2,449
91841,5902,105,1,799
91842,5903,110,1,299
91843,5903,106,1,2299
91844,5903,105,1,799
91845,5904,116,1,849
91846,5905,109,1,449
91847,5905,106,1,2299
91848,5905,105,1,799
91849,5906,113,1,2499
91850,5906,110,2,299
91851,5907,110,2,299
91852,5908,110,1,299
91853,5908,105,1,799
91854,5909,102,1,3999
91855,5910,113,2,2499
91856,5911,112,2,999
91857,5911,112,1,999
91858,5912,105,2,799
91859,5912,103,1,1199
91860,5912,103,1,1199
91861,5913,105,1,799
91862,5913,106,2,2299
91863,5914,105,2,799
91864,5914,113,2,2499
91865,5915,109,1,449
91866,5916,102,1,3999
91867,5916,112,1,999
91868,5917,101,2,1499
91869,5917,110,1,299
91870,5918,101,1,1499
91871,5918,107,2,199
91872,5919,102,1,3999
91873,5919,113,1,2499
91874,5920,111,1,349
91875,5921,109,2,449
91876,5921,105,1,799
91877,5922,104,2,899
91878,5923,101,1,1499
91879,5923,111,2,349
91880,5924,116,1,849
91881,5924,109,1,449
91882,5925,107,1,199
91883,5926,110,2,299
91884,5926,115,1,649
91885,5927,106,2,2299
91886,5927,102,2,3999
91887,5927,114,1,399
91888,5928,113,1,2499
91889,5928,108,1,699
91890,5928,107,2,199
91891,5929,115,1,649
91892,5929,104,1,899
91893,5930,110,1,299
91894,5931,113,1,2499
91895,5931,113,2,2499
91896,5932,108,2,699
91897,5932,107,1,199
91898,5933,113,2,2499
91899,5933,113,2,2499
91900,5933,115,2,649
91901,5934,114,1,399
91902,5934,105,1,799
91903,5934,108,1,699
91904,5935,103,2,1199
91905,5936,110,2,299
91906,5936,102,1,3999
91907,5936,112,1,999
91908,5937,101,1,1499
91909,5937,110,1,299
91910,5938,105,1,799
91911,5939,110,2,299
91912,5939,104,2,899
91913,5940,111,1,349
91914,5940,115,2,649
91915,5940,114,1,399
91916,5941,114,1,399
91917,5942,106,2,2299
91918,5942,104,1,899
91919,5942,111,1,349
91920,5943,110,2,299
91921,5943,108,1,699
91922,5943,107,1,199
91923,5944,104,1,899
91924,5945,101,1,1499
91925,5945,102,1,3999
91926,5946,116,1,849
91927,5946,111,1,349
91928,5947,103,1,1199
91929,5948,105,2,799
91930,5948,104,1,899
91931,5949,101,1,1499
91932,5950,103,1,1199
91933,5951,109,1,449
91934,5951,113,2,2499
91935,5952,102,2,3999
91936,5952,109,1,449
91937,5952,101,1,1499
91938,5953,112,1,999
91939,5953,110,1,299
91940,5954,102,1,3999
91941,5954,105,2,799
91942,5954,111,2,349
91943,5955,107,2,199
91944,5955,109,2,449
91945,5955,104,1,899
91946,5956,114,2,399
91947,5956,105,1,799
91948,5957,105,2,799
91949,5957,108,2,699
91950,5957,108,2,699
91951,5958,108,1,699
91952,5959,104,1,899
91953,5959,103,2,1199
91954,5960,112,1,999
91955,5960,104,2,899
91956,5961,101,1,1499
91957,5961,106,2,2299
91958,5961,107,1,199
91959,5962,113,2,2499
91960,5962,111,1,349
91961,5962,113,1,2499
91962,5963,108,1,699
91963,5963,104,1,899
91964,5963,101,1,1499
91965,5964,114,2,399
91966,5964,112,1,999
91967,5965,115,2,649
91968,5965,115,2,649
91969,5965,113,1,2499
91970,5966,114,2,399
91971,5966,109,1,449
91972,5966,103,2,1199
91973,5967,113,2,2499
91974,5967,103,1,1199
91975,5967,107,1,199
91976,5968,116,2,849
91977,5969,102,1,3999
91978,5969,107,2,199
91979,5970,107,1,199
91980,5971,104,1,899
91981,5971,109,1,449
91982,5971,111,2,349
91983,5972,106,1,2299
91984,5973,113,2,2499
91985,5973,108,2,699
91986,5973,108,2,699
91987,5974,113,1,2499
91988,5974,105,1,799
91989,5974,110,2,299
91990,5975,110,1,299
91991,5976,107,2,199
91992,5976,116,2,849
91993,5976,116,1,849
91994,5977,103,2,1199
91995,5977,103,1,1199
91996,5978,112,2,999
91997,5979,115,1,649
91998,5979,112,1,999
91999,5980,109,2,449
92000,5980,112,2,999
92001,5981,114,1,399
92002,5982,116,2,849
92003,5982,110,1,299
92004,5983,101,1,1499
92005,5984,104,1,899
92006,5984,106,1,2299
92007,5985,104,1,899
92008,5986,113,1,2499
92009,5987,105,1,799
92010,5988,114,2,399
92011,5989,107,2,199
92012,5990,111,2,349
92013,5991,101,1,1499
92014,5991,108,2,699
92015,5991,102,1,3999
92016,5992,109,1,449
92017,5992,113,1,2499
92018,5992,101,2,1499
92019,5993,105,2,799
92020,5993,114,2,399
92021,5994,110,1,299
92022,5994,104,2,899
92023,5994,104,1,899
92024,5995,108,1,699
92025,5995,107,2,199
92026,5995,110,1,299
92027,5996,110,2,299
92028,5997,108,1,699
92029,5997,108,1,699
92030,5997,115,2,649
92031,5998,107,2,199
92032,5998,111,2,349
92033,5998,107,2,199
92034,5999,114,1,399
92035,6000,108,1,699
92036,6000,104,1,899
92037,6001,115,1,649
92038,6002,102,1,3999
92039,6003,102,1,3999
92040,6003,108,1,699
92041,6003,107,2,199
92042,6004,101,1,1499
92043,6004,111,1,349
92044,6004,109,2,449
92045,6005,104,2,899
92046,6005,110,1,299
92047,6006,101,2,1499
92048,6006,113,2,2499
92049,6007,106,1,2299
92050,6007,102,1,3999
92051,6008,106,1,2299
92052,6008,101,1,1499
92053,6009,115,1,649
92054,6010,103,1,1199
92055,6010,101,2,1499
92056,6010,110,1,299
92057,6011,103,2,1199
92058,6012,101,2,1499
92059,6012,112,2,999
92060,6012,110,2,299
92061,6013,114,1,399
92062,6013,109,2,449
92063,6013,108,2,699
92064,6014,109,1,449
92065,6015,112,2,999
92066,6015,113,1,2499
92067,6016,102,2,3999
92068,6016,112,2,999
92069,6016,105,2,799
92070,6017,101,1,1499
92071,6017,110,2,299
92072,6017,103,2,1199
92073,6018,115,1,649
92074,6019,107,2,199
92075,6019,101,2,1499
92076,6020,115,2,649
92077,6020,106,2,2299
92078,6020,108,1,699
92079,6021,108,1,699
92080,6021,112,2,999
92081,6022,114,2,399
92082,6023,114,1,399
92083,6023,112,1,999
92084,6023,104,1,899
92085,6024,103,1,1199
92086,6024,104,1,899
92087,6024,115,1,649
92088,6025,108,1,699
92089,6025,106,1,2299
92090,6026,106,1,2299
92091,6027,102,2,3999
92092,6027,115,2,649
92093,6027,103,1,1199
92094,6028,113,1,2499
92095,6028,113,2,2499
92096,6028,101,2,1499
92097,6029,109,2,449
92098,6030,110,2,299
92099,6030,110,1,299
92100,6030,107,2,199
92101,6031,102,2,3999
92102,6032,116,2,849
92103,6032,108,2,699
92104,6033,108,2,699
92105,6033,106,1,2299
92106,6034,101,1,1499
92107,6035,105,2,799
92108,6036,114,2,399
92109,6036,109,1,449
92110,6037,101,2,1499
92111,6038,112,1,999
92112,6038,107,2,199
92113,6038,107,2,199
92114,6039,106,1,2299
92115,6039,110,2,299
92116,6040,110,1,299
92117,6040,102,1,3999
92118,6041,106,1,2299
92119,6042,115,1,649
92120,6042,106,2,2299
92121,6042,114,1,399
92122,6043,103,1,1199
92123,6043,113,1,2499
92124,6043,110,2,299
92125,6044,111,2,349
92126,6044,107,2,199
92127,6044,112,2,999
92128,6045,106,1,2299
92129,6046,105,2,799
92130,6046,107,1,199
92131,6047,102,2,3999
92132,6047,104,2,899
92133,6048,107,1,199
92134,6049,109,2,449
92135,6050,108,2,699
92136,6051,102,1,3999
92137,6051,116,1,849
92138,6052,107,1,199
92139,6052,112,2,999
92140,6052,106,1,2299
92141,6053,109,1,449
92142,6053,112,2,999
92143,6054,110,2,299
92144,6054,106,1,2299
92145,6054,115,1,649
92146,6055,109,2,449
92147,6055,111,2,349
92148,6056,101,1,1499
92149,6056,115,2,649
92150,6056,114,2,399
92151,6057,107,1,199
92152,6057,113,2,2499
92153,6058,110,2,299
92154,6058,113,2,2499
92155,6059,112,1,999
92156,6059,116,1,849
92157,6060,116,1,849
92158,6060,112,1,999
92159,6061,116,2,849
92160,6062,105,1,799
92161,6062,111,2,349
92162,6062,109,2,449
92163,6063,108,1,699
92164,6063,112,2,999
92165,6064,110,1,299
92166,6065,116,1,849
92167,6065,110,2,299
92168,6066,111,2,349
92169,6066,112,2,999
92170,6067,101,2,1499
92171,6067,114,2,399
92172,6067,114,2,399
92173,6068,108,1,699
92174,6068,113,2,2499
92175,6068,105,1,799
92176,6069,112,1,999
92177,6069,112,1,999
92178,6069,101,2,1499
92179,6070,114,2,399
92180,6070,110,2,299
92181,6070,115,1,649
92182,6071,108,2,699
92183,6072,101,1,1499
92184,6073,116,1,849
92185,6073,107,2,199
92186,6073,103,2,1199
92187,6074,107,1,199
92188,6074,112,2,999
92189,6075,104,2,899
92190,6075,111,2,349
92191,6075,114,2,399
92192,6076,110,2,299
92193,6076,115,2,649
92194,6076,109,2,449
92195,6077,106,1,2299
92196,6078,105,1,799
92197,6078,104,1,899
92198,6079,112,1,999
92199,6079,109,2,449
92200,6079,110,1,299
92201,6080,104,1,899
92202,6080,113,2,2499
92203,6081,106,2,2299
92204,6082,115,2,649
92205,6082,106,1,2299
92206,6082,116,1,849
92207,6083,114,1,399
92208,6083,110,2,299
92209,6083,107,2,199
92210,6084,107,2,199
92211,6085,107,1,199
92212,6085,112,1,999
92213,6085,101,1,1499
92214,6086,114,1,399
92215,6086,102,2,3999
92216,6086,101,1,1499
92217,6087,103,2,1199
92218,6087,109,2,449
92219,6087,101,1,1499
92220,6088,114,1,399
92221,6089,101,1,1499
92222,6089,110,1,299
92223,6089,107,2,199
92224,6090,108,2,699
92225,6091,102,1,3999
92226,6091,103,1,1199
92227,6092,103,2,1199
92228,6092,102,2,3999
92229,6092,116,2,849
92230,6093,102,1,3999
92231,6093,104,1,899
92232,6094,115,1,649
92233,6094,113,1,2499
92234,6095,101,2,1499
92235,6096,112,1,999
92236,6096,116,2,849
92237,6097,109,2,449
92238,6097,106,2,2299
92239,6097,113,1,2499
92240,6098,107,2,199
92241,6099,105,2,799
92242,6100,107,2,199
92243,6100,113,2,2499
92244,6100,109,1,449
92245,6101,104,1,899
92246,6102,110,1,299
92247,6103,116,1,849
92248,6104,106,2,2299
92249,6104,104,1,899
92250,6104,106,2,2299
92251,6105,111,2,349
92252,6105,108,2,699
92253,6106,116,2,849
92254,6106,109,1,449
92255,6107,108,1,699
92256,6108,108,2,699
92257,6108,108,2,699
92258,6108,107,2,199
92259,6109,116,2,849
92260,6110,110,2,299
92261,6111,103,2,1199
92262,6112,103,1,1199
92263,6112,110,1,299
92264,6112,107,1,199
92265,6113,105,2,799
92266,6113,103,1,1199
92267,6114,111,2,349
92268,6114,112,1,999
92269,6115,106,2,2299
92270,6115,101,2,1499
92271,6115,105,2,799
92272,6116,111,1,349
92273,6116,106,1,2299
92274,6116,112,2,999
92275,6117,110,2,299
92276,6117,110,1,299
92277,6117,114,2,399
92278,6118,101,1,1499
92279,6119,107,2,199
92280,6119,101,1,1499
92281,6120,102,2,3999
92282,6121,114,2,399
92283,6122,103,2,1199
92284,6122,105,1,799
92285,6123,110,2,299
92286,6123,107,1,199
92287,6123,103,1,1199
92288,6124,101,1,1499
92289,6124,107,1,199
92290,6125,115,2,649
92291,6126,106,2,2299
92292,6126,108,2,699
92293,6126,106,1,2299
92294,6127,104,2,899
92295,6127,109,1,449
92296,6127,102,1,3999
92297,6128,113,1,2499
92298,6129,115,1,649
92299,6130,109,2,449
92300,6130,108,2,699
92301,6130,103,2,1199
92302,6131,113,2,2499
92303,6132,110,2,299
92304,6132,110,2,299
92305,6133,102,2,3999
92306,6133,110,2,299
92307,6133,107,1,199
92308,6134,116,1,849
92309,6134,105,2,799
92310,6135,103,2,1199
92311,6136,106,1,2299
92312,6136,104,1,899
92313,6137,106,2,2299
92314,6137,115,1,649
92315,6138,113,2,2499
92316,6138,104,1,899
92317,6138,107,1,199
92318,6139,113,1,2499
92319,6139,106,1,2299
92320,6140,109,2,449
92321,6141,110,2,299
92322,6141,108,2,699
92323,6142,109,1,449
92324,6142,110,2,299
92325,6142,115,1,649
92326,6143,108,1,699
92327,6144,106,1,2299
92328,6145,112,1,999
92329,6145,113,1,2499
92330,6145,107,2,199
92331,6146,108,2,699
92332,6147,111,2,349
92333,6147,109,2,449
92334,6148,110,2,299
92335,6148,102,1,3999
92336,6149,109,1,449
92337,6149,116,1,849
92338,6150,104,1,899
92339,6150,108,2,699
92340,6151,116,1,849
92341,6152,113,2,2499
92342,6153,111,1,349
92343,6154,107,1,199
92344,6154,104,2,899
92345,6154,107,2,199
92346,6155,110,1,299
92347,6156,112,2,999
92348,6156,106,1,2299
92349,6156,105,1,799
92350,6157,107,2,199
92351,6158,108,1,699
92352,6158,112,2,999
92353,6158,101,1,1499
92354,6159,111,1,349
92355,6159,105,2,799
92356,6160,106,1,2299
92357,6161,107,1,199
92358,6162,108,2,699
92359,6162,110,1,299
92360,6163,106,2,2299
92361,6164,104,1,899
92362,6164,110,2,299
92363,6164,102,1,3999
92364,6165,103,2,1199
92365,6166,112,2,999
92366,6166,101,2,1499
92367,6167,116,2,849
92368,6167,108,1,699
92369,6167,115,2,649
92370,6168,107,2,199
92371,6168,102,2,3999
92372,6168,108,2,699
92373,6169,107,2,199
92374,6169,103,2,1199
92375,6170,113,2,2499
92376,6170,103,2,1199
92377,6171,113,2,2499
92378,6171,101,1,1499
92379,6172,110,2,299
92380,6172,114,2,399
92381,6172,110,2,299
92382,6173,111,2,349
92383,6173,110,1,299
92384,6173,107,1,199
92385,6174,109,2,449
92386,6174,107,1,199
92387,6175,103,1,1199
92388,6175,111,2,349
92389,6175,102,2,3999
92390,6176,113,1,2499
92391,6176,105,1,799
92392,6176,108,1,699
92393,6177,105,2,799
92394,6177,106,1,2299
92395,6177,110,1,299
92396,6178,109,2,449
92397,6178,102,2,3999
92398,6178,108,1,699
92399,6179,106,1,2299
92400,6179,108,2,699
92401,6180,110,1,299
92402,6180,101,2,1499
92403,6181,108,1,699
92404,6181,106,2,2299
92405,6182,102,2,3999
92406,6183,105,2,799
92407,6183,108,1,699
92408,6183,102,2,3999
92409,6184,109,2,449
92410,6185,109,2,449
92411,6186,107,1,199
92412,6186,102,1,3999
92413,6187,106,2,2299
92414,6188,103,1,1199
92415,6188,101,1,1499
92416,6189,105,1,799
92417,6189,107,1,199
92418,6190,104,2,899
92419,6190,108,2,699
92420,6191,106,2,2299
92421,6191,102,2,3999
92422,6191,115,1,649
92423,6192,111,1,349
92424,6192,115,2,649
92425,6193,109,2,449
92426,6193,110,1,299
92427,6194,109,2,449
92428,6194,108,2,699
92429,6194,104,2,899
92430,6195,110,1,299
92431,6195,110,1,299
92432,6195,111,2,349
92433,6196,111,2,349
92434,6196,102,1,3999
92435,6196,110,1,299
92436,6197,105,2,799
92437,6197,110,2,299
92438,6197,106,2,2299
92439,6198,107,1,199
92440,6198,107,2,199
92441,6199,107,1,199
92442,6199,103,2,1199
92443,6199,114,1,399
92444,6200,112,1,999
92445,6200,114,1,399
92446,6201,112,2,999
92447,6201,105,1,799
92448,6202,115,2,649
92449,6203,108,2,699
92450,6203,103,2,1199
92451,6204,109,1,449
92452,6204,110,2,299
92453,6204,115,2,649
92454,6205,113,2,2499
92455,6205,101,2,1499
92456,6206,105,2,799
92457,6206,102,2,3999
92458,6206,107,1,199
92459,6207,103,1,1199
92460,6208,114,2,399
92461,6208,108,2,699
92462,6209,112,2,999
92463,6210,104,1,899
92464,6210,111,2,349
92465,6211,116,2,849
92466,6211,106,2,2299
92467,6212,110,1,299
92468,6212,112,2,999
92469,6213,108,2,699
92470,6214,110,2,299
92471,6215,110,2,299
92472,6215,106,1,2299
92473,6215,101,2,1499
92474,6216,101,1,1499
92475,6216,112,2,999
92476,6217,109,1,449
92477,6217,112,1,999
92478,6217,110,1,299
92479,6218,104,2,899
92480,6218,108,2,699
92481,6219,101,2,1499
92482,6220,103,2,1199
92483,6221,107,1,199
92484,6221,102,1,3999
92485,6222,103,1,1199
92486,6222,109,2,449
92487,6222,109,1,449
92488,6223,116,1,849
92489,6223,109,2,449
92490,6223,116,1,849
92491,6224,108,2,699
92492,6224,106,2,2299
92493,6225,104,1,899
92494,6225,106,1,2299
92495,6226,105,2,799
92496,6226,101,1,1499
92497,6227,116,2,849
92498,6227,112,1,999
92499,6227,110,2,299
92500,6228,111,2,349
92501,6229,101,1,1499
92502,6229,108,1,699
92503,6230,101,1,1499
92504,6230,109,1,449
92505,6231,116,1,849
92506,6231,102,2,3999
92507,6231,109,1,449
92508,6232,104,1,899
92509,6232,101,1,1499
92510,6232,111,2,349
92511,6233,103,2,1199
92512,6234,110,1,299
92513,6234,115,2,649
92514,6234,114,1,399
92515,6235,103,2,1199
92516,6236,112,1,999
92517,6236,109,1,449
92518,6236,106,2,2299
92519,6237,114,1,399
92520,6237,111,1,349
92521,6238,104,1,899
92522,6239,110,2,299
92523,6239,109,1,449
92524,6239,106,2,2299
92525,6240,112,2,999
92526,6240,111,1,349
92527,6240,115,1,649
92528,6241,112,1,999
92529,6241,109,2,449
92530,6241,106,1,2299
92531,6242,103,2,1199
92532,6242,116,2,849
92533,6242,109,1,449
92534,6243,116,2,849
92535,6244,116,2,849
92536,6245,115,2,649
92537,6246,107,2,199
92538,6246,103,2,1199
92539,6246,108,1,699
92540,6247,116,2,849
92541,6247,101,1,1499
92542,6247,106,2,2299
92543,6248,108,2,699
92544,6248,115,2,649
92545,6249,109,1,449
92546,6250,110,2,299
92547,6250,115,2,649
92548,6250,110,2,299
92549,6251,110,2,299
92550,6252,114,1,399
92551,6253,101,2,1499
92552,6253,105,1,799
92553,6254,111,2,349
92554,6254,115,2,649
92555,6255,103,2,1199
92556,6255,110,2,299
92557,6255,107,1,199
92558,6256,105,2,799
92559,6256,110,1,299
92560,6256,106,2,2299
92561,6257,101,2,1499
92562,6257,115,2,649
92563,6258,106,2,2299
92564,6259,101,1,1499
92565,6259,113,1,2499
92566,6260,107,2,199
92567,6261,116,1,849
92568,6261,101,2,1499
92569,6261,105,2,799
92570,6262,102,2,3999
92571,6262,115,1,649
92572,6263,105,2,799
92573,6263,102,1,3999
92574,6263,106,1,2299
92575,6264,115,2,649
92576,6265,104,2,899
92577,6266,102,2,3999
92578,6266,103,1,1199
92579,6267,104,2,899
92580,6268,101,2,1499
92581,6268,112,1,999
92582,6268,116,1,849
92583,6269,103,2,1199
92584,6270,102,2,3999
92585,6270,105,1,799
92586,6270,111,2,349
92587,6271,106,1,2299
92588,6271,113,1,2499
92589,6272,103,2,1199
92590,6272,114,2,399
92591,6273,106,1,2299
92592,6273,109,1,449
92593,6274,102,1,3999
92594,6275,106,1,2299
92595,6276,108,1,699
92596,6276,116,2,849
92597,6276,113,1,2499
92598,6277,111,1,349
92599,6277,105,1,799
92600,6277,102,1,3999
92601,6278,112,2,999
92602,6278,104,1,899
92603,6278,105,2,799
92604,6279,108,2,699
92605,6280,111,2,349
92606,6280,111,1,349
92607,6281,103,2,1199
92608,6282,102,2,3999
92609,6282,104,1,899
92610,6282,102,2,3999
92611,6283,108,1,699
92612,6283,109,2,449
92613,6283,106,1,2299
92614,6284,116,1,849
92615,6285,115,2,649
92616,6286,101,2,1499
92617,6286,111,1,349
92618,6286,105,2,799
92619,6287,104,1,899
92620,6288,112,2,999
92621,6288,108,2,699
92622,6289,110,2,299
92623,6289,101,1,1499
92624,6290,112,1,999
92625,6291,110,2,299
92626,6292,102,2,3999
92627,6293,108,2,699
92628,6294,105,1,799
92629,6295,113,1,2499
92630,6295,110,1,299
92631,6296,108,2,699
92632,6296,101,1,1499
92633,6297,115,1,649
92634,6298,116,1,849
92635,6299,115,1,649
92636,6300,112,1,999
92637,6300,104,2,899
92638,6300,113,2,2499
92639,6301,113,1,2499
92640,6302,116,2,849
92641,6302,114,1,399
92642,6302,109,2,449
92643,6303,111,1,349
92644,6304,114,1,399
92645,6304,101,1,1499
92646,6304,112,1,999
92647,6305,115,1,649
92648,6306,104,2,899
92649,6307,102,2,3999
92650,6307,114,2,399
92651,6307,104,1,899
92652,6308,115,1,649
92653,6308,114,1,399
92654,6308,113,1,2499
92655,6309,111,2,349
92656,6310,105,2,799
92657,6310,114,1,399
92658,6311,115,1,649
92659,6311,112,1,999
92660,6311,113,1,2499
92661,6312,103,1,1199
92662,6312,102,2,3999
92663,6313,103,1,1199
92664,6313,112,1,999
92665,6313,111,1,349
92666,6314,111,1,349
92667,6314,116,2,849
92668,6315,110,2,299
92669,6316,102,1,3999
92670,6316,115,1,649
92671,6316,115,1,649
92672,6317,111,2,349
92673,6317,106,1,2299
92674,6317,113,2,2499
92675,6318,108,2,699
92676,6318,103,1,1199
92677,6318,103,1,1199
92678,6319,104,2,899
92679,6319,115,1,649
92680,6320,114,1,399
92681,6320,105,1,799
92682,6320,102,2,3999
92683,6321,105,1,799
92684,6321,110,1,299
92685,6321,113,1,2499
92686,6322,112,1,999
92687,6322,106,1,2299
92688,6323,113,1,2499
92689,6323,114,1,399
92690,6324,113,1,2499
92691,6324,104,1,899
92692,6324,113,2,2499
92693,6325,103,1,1199
92694,6326,101,1,1499
92695,6326,101,1,1499
92696,6326,111,2,349
92697,6327,115,1,649
92698,6327,113,1,2499
92699,6327,113,2,2499
92700,6328,106,2,2299
92701,6328,105,1,799
92702,6329,116,1,849
92703,6330,116,1,849
92704,6330,101,1,1499
92705,6331,113,1,2499
92706,6332,106,1,2299
92707,6332,114,1,399
92708,6333,104,2,899
92709,6333,109,1,449
92710,6334,109,1,449
92711,6335,116,2,849
92712,6335,109,1,449
92713,6336,102,1,3999
92714,6336,113,2,2499
92715,6337,114,1,399
92716,6337,111,2,349
92717,6338,114,2,399
92718,6338,116,2,849
92719,6338,115,2,649
92720,6339,112,1,999
92721,6340,102,1,3999
92722,6341,101,2,1499
92723,6342,101,2,1499
92724,6342,104,2,899
92725,6343,105,1,799
92726,6343,101,1,1499
92727,6344,101,2,1499
92728,6345,111,2,349
92729,6346,105,2,799
92730,6346,111,2,349
92731,6346,105,2,799
92732,6347,107,1,199
92733,6348,102,2,3999
92734,6348,116,2,849
92735,6349,111,2,349
92736,6350,106,2,2299
92737,6350,102,1,3999
92738,6351,111,1,349
92739,6351,111,1,349
92740,6352,114,2,399
92741,6352,102,1,3999
92742,6353,104,2,899
92743,6353,114,2,399
92744,6354,106,2,2299
92745,6355,111,2,349
92746,6355,115,2,649
92747,6356,102,1,3999
92748,6356,113,1,2499
92749,6356,114,2,399
92750,6357,112,2,999
92751,6357,104,1,899
92752,6358,104,1,899
92753,6358,101,1,1499
92754,6358,116,2,849
92755,6359,111,1,349
92756,6359,105,2,799
92757,6359,104,2,899
92758,6360,116,1,849
92759,6361,111,1,349
92760,6361,108,1,699
92761,6361,104,1,899
92762,6362,103,2,1199
92763,6363,101,2,1499
92764,6363,106,2,2299
92765,6364,116,2,849
92766,6365,113,1,2499
92767,6365,102,1,3999
92768,6366,105,1,799
92769,6366,105,2,799
92770,6367,112,2,999
92771,6367,103,1,1199
92772,6367,103,2,1199
92773,6368,112,2,999
92774,6369,102,1,3999
92775,6369,114,1,399
92776,6370,104,2,899
92777,6370,101,2,1499
92778,6371,111,1,349
92779,6371,112,2,999
92780,6371,113,2,2499
92781,6372,102,2,3999
92782,6372,115,1,649
92783,6373,113,1,2499
92784,6374,112,2,999
92785,6375,105,2,799
92786,6375,115,1,649
92787,6375,104,2,899
92788,6376,109,1,449
92789,6376,113,2,2499
92790,6376,112,1,999
92791,6377,112,2,999
92792,6377,103,2,1199
92793,6378,105,1,799
92794,6378,106,1,2299
92795,6379,112,1,999
92796,6380,115,1,649
92797,6380,114,2,399
92798,6381,113,2,2499
92799,6382,111,2,349
92800,6383,101,1,1499
92801,6384,113,2,2499
92802,6384,106,2,2299
92803,6384,115,2,649
92804,6385,111,2,349
92805,6385,101,1,1499
92806,6385,116,2,849
92807,6386,106,1,2299
92808,6386,116,2,849
92809,6387,101,2,1499
92810,6387,104,2,899
92811,6387,111,2,349
92812,6388,105,1,799
92813,6388,114,1,399
92814,6389,111,1,349
92815,6390,102,2,3999
92816,6391,111,2,349
92817,6391,109,1,449
92818,6391,104,2,899
92819,6392,101,2,1499
92820,6392,111,2,349
92821,6393,113,1,2499
92822,6393,112,1,999
92823,6393,111,2,349
92824,6394,105,1,799
92825,6394,107,1,199
92826,6394,101,1,1499
92827,6395,101,2,1499
92828,6396,115,1,649
92829,6396,105,1,799
92830,6396,107,1,199
92831,6397,104,1,899
92832,6397,115,1,649
92833,6398,114,1,399
92834,6398,106,2,2299
92835,6399,104,1,899
92836,6400,112,1,999
92837,6400,103,2,1199
92838,6400,105,2,799
92839,6401,102,2,3999
92840,6401,101,2,1499
92841,6402,104,2,899
92842,6403,101,1,1499
92843,6404,107,1,199
92844,6405,115,1,649
92845,6405,111,2,349
92846,6405,112,1,999
92847,6406,113,1,2499
92848,6406,114,1,399
92849,6407,104,1,899
92850,6407,116,2,849
92851,6407,104,1,899
92852,6408,113,2,2499
92853,6408,107,1,199
92854,6408,104,1,899
92855,6409,115,1,649
92856,6409,113,2,2499
92857,6410,104,1,899
92858,6410,113,2,2499
92859,6411,107,1,199
92860,6411,113,1,2499
92861,6412,101,2,1499
92862,6413,112,2,999
92863,6414,103,2,1199
92864,6414,102,1,3999
92865,6414,104,2,899
92866,6415,112,2,999
92867,6415,102,2,3999
92868,6415,104,2,899
92869,6416,112,1,999
92870,6416,104,2,899
92871,6417,112,2,999
92872,6418,111,2,349
92873,6419,111,2,349
92874,6419,107,1,199
92875,6419,102,2,3999
92876,6420,103,1,1199
92877,6420,101,2,1499
92878,6420,113,1,2499
92879,6421,114,2,399
92880,6421,111,1,349
92881,6421,103,1,1199
92882,6422,102,2,3999
92883,6422,115,1,649
92884,6423,113,2,2499
92885,6423,103,1,1199
92886,6424,110,2,299
92887,6425,116,2,849
92888,6425,103,1,1199
92889,6425,112,2,999
92890,6426,113,2,2499
92891,6426,111,1,349
92892,6426,106,2,2299
92893,6427,112,2,999
92894,6428,102,1,3999
92895,6428,116,1,849
92896,6429,113,2,2499
92897,6429,102,2,3999
92898,6430,105,2,799
92899,6430,105,1,799
92900,6431,108,2,699
92901,6432,116,2,849
92902,6433,101,2,1499
92903,6433,116,1,849
92904,6433,116,1,849
92905,6434,105,2,799
92906,6435,112,1,999
92907,6435,112,1,999
92908,6436,103,2,1199
92909,6437,108,1,699
92910,6437,114,1,399
92911,6437,114,2,399
92912,6438,116,1,849
92913,6439,112,2,999
92914,6440,112,1,999
92915,6441,113,2,2499
92916,6441,104,1,899
92917,6441,113,2,2499
92918,6442,112,1,999
92919,6443,111,1,349
92920,6444,114,2,399
92921,6444,114,2,399
92922,6444,104,2,899
92923,6445,105,1,799
92924,6445,104,1,899
92925,6445,102,2,3999
92926,6446,103,2,1199
92927,6446,112,1,999
92928,6447,103,1,1199
92929,6447,105,2,799
92930,6447,105,2,799
92931,6448,112,1,999
92932,6448,113,2,2499
92933,6449,112,1,999
92934,6450,115,1,649
92935,6450,112,2,999
92936,6450,115,2,649
92937,6451,103,2,1199
92938,6452,101,2,1499
92939,6452,111,1,349
92940,6452,116,1,849
92941,6453,109,2,449
92942,6454,105,1,799
92943,6454,112,2,999
92944,6454,102,2,3999
92945,6455,102,2,3999
92946,6455,102,2,3999
92947,6456,101,2,1499
92948,6457,115,2,649
92949,6458,102,1,3999
92950,6458,115,1,649
92951,6458,116,1,849
92952,6459,101,1,1499
92953,6459,103,1,1199
92954,6459,105,1,799
92955,6460,111,1,349
92956,6460,101,1,1499
92957,6461,103,2,1199
92958,6461,113,1,2499
92959,6461,101,1,1499
92960,6462,102,2,3999
92961,6462,115,2,649
92962,6463,103,2,1199
92963,6463,103,1,1199
92964,6463,104,2,899
92965,6464,113,1,2499
92966,6464,115,1,649
92967,6464,114,2,399
92968,6465,106,1,2299
92969,6466,112,1,999
92970,6466,112,1,999
92971,6467,103,1,1199
92972,6468,109,2,449
92973,6468,104,2,899
92974,6468,106,2,2299
92975,6469,113,1,2499
92976,6470,110,2,299
92977,6470,104,2,899
92978,6471,101,1,1499
92979,6471,116,2,849
92980,6471,106,1,2299
92981,6472,105,2,799
92982,6473,103,1,1199
92983,6474,111,2,349
92984,6474,103,2,1199
92985,6475,114,1,399
92986,6475,104,1,899
92987,6475,102,2,3999
92988,6476,103,2,1199
92989,6476,114,1,399
92990,6476,116,1,849
92991,6477,115,1,649
92992,6478,112,1,999
92993,6479,115,1,649
92994,6479,114,2,399
92995,6479,115,2,649
92996,6480,113,1,2499
92997,6481,106,1,2299
92998,6481,113,2,2499
92999,6482,102,2,3999
93000,6483,114,2,399
93001,6484,111,2,349
93002,6484,116,2,849
93003,6484,115,1,649
93004,6485,104,2,899
93005,6485,114,1,399
93006,6485,111,1,349
93007,6486,101,2,1499
93008,6486,106,2,2299
93009,6486,112,1,999
93010,6487,104,2,899
93011,6487,111,2,349
93012,6488,105,1,799
93013,6488,103,1,1199
93014,6489,107,2,199
93015,6489,112,2,999
93016,6489,104,2,899
93017,6490,103,2,1199
93018,6490,105,2,799
93019,6491,116,1,849
93020,6491,114,2,399
93021,6491,110,2,299
93022,6492,105,1,799
93023,6492,103,2,1199
93024,6492,113,1,2499
93025,6493,102,1,3999
93026,6494,115,2,649
93027,6494,101,2,1499
93028,6495,103,1,1199
93029,6496,110,1,299
93030,6496,105,2,799
93031,6496,103,2,1199
93032,6497,109,1,449
93033,6497,103,2,1199
93034,6497,109,1,449
93035,6498,110,2,299
93036,6498,110,2,299
93037,6498,108,2,699
93038,6499,108,1,699
93039,6500,107,1,199
93040,6500,111,1,349
93041,6501,106,1,2299
93042,6501,106,2,2299
93043,6502,111,2,349
93044,6502,116,2,849
93045,6502,107,1,199
93046,6503,105,2,799
93047,6503,104,2,899
93048,6503,112,1,999
93049,6504,106,1,2299
93050,6504,101,1,1499
93051,6504,107,1,199
93052,6505,114,1,399
93053,6505,101,1,1499
93054,6505,107,1,199
93055,6506,111,2,349
93056,6507,103,1,1199
93057,6508,113,2,2499
93058,6509,105,1,799
93059,6509,113,2,2499
93060,6509,110,2,299
93061,6510,109,1,449
93062,6510,105,2,799
93063,6511,115,2,649
93064,6511,102,1,3999
93065,6511,111,1,349
93066,6512,113,2,2499
93067,6512,101,1,1499
93068,6513,109,1,449
93069,6513,101,2,1499
93070,6513,105,2,799
93071,6514,114,1,399
93072,6514,110,2,299
93073,6514,110,2,299
93074,6515,107,1,199
93075,6516,108,1,699
93076,6516,103,1,1199
93077,6516,116,2,849
93078,6517,104,1,899
93079,6517,108,1,699
93080,6517,107,2,199
93081,6518,112,2,999
93082,6518,110,1,299
93083,6518,107,2,199
93084,6519,110,1,299
93085,6519,110,2,299
93086,6519,111,1,349
93087,6520,110,2,299
93088,6520,108,1,699
93089,6521,115,2,649
93090,6521,106,2,2299
93091,6522,113,2,2499
93092,6522,111,1,349
93093,6522,107,2,199
93094,6523,108,2,699
93095,6523,106,1,2299
93096,6523,107,2,199
93097,6524,108,2,699
93098,6524,102,1,3999
93099,6524,115,1,649
93100,6525,114,2,399
93101,6525,108,1,699
93102,6525,113,2,2499
93103,6526,108,2,699
93104,6527,107,2,199
93105,6527,108,2,699
93106,6528,101,1,1499
93107,6529,114,1,399
93108,6529,110,1,299
93109,6529,104,1,899
93110,6530,102,1,3999
93111,6530,116,1,849
93112,6531,101,1,1499
93113,6532,114,2,399
93114,6532,101,1,1499
93115,6533,101,2,1499
93116,6534,112,2,999
93117,6534,113,1,2499
93118,6534,102,2,3999
93119,6535,111,1,349
93120,6535,113,2,2499
93121,6536,114,1,399
93122,6536,101,1,1499
93123,6536,112,2,999
93124,6537,102,2,3999
93125,6537,107,1,199
93126,6537,114,2,399
93127,6538,115,1,649
93128,6538,106,2,2299
93129,6538,110,2,299
93130,6539,108,2,699
93131,6539,102,1,3999
93132,6539,107,2,199
93133,6540,114,1,399
93134,6541,103,1,1199
93135,6541,104,2,899
93136,6541,104,1,899
93137,6542,116,1,849
93138,6542,108,2,699
93139,6542,109,1,449
93140,6543,115,1,649
93141,6543,114,1,399
93142,6544,115,2,649
93143,6544,105,1,799
93144,6545,113,2,2499
93145,6545,102,1,3999
93146,6545,106,2,2299
93147,6546,106,1,2299
93148,6546,112,2,999
93149,6547,113,1,2499
93150,6547,115,1,649
93151,6547,103,1,1199
93152,6548,107,1,199
93153,6548,103,1,1199
93154,6548,107,2,199
93155,6549,116,1,849
93156,6549,114,1,399
93157,6549,103,1,1199
93158,6550,112,2,999
93159,6550,113,1,2499
93160,6550,103,2,1199
93161,6551,109,1,449
93162,6551,115,2,649
93163,6551,108,2,699
93164,6552,113,2,2499
93165,6553,109,2,449
93166,6554,111,2,349
93167,6554,106,1,2299
93168,6555,113,1,2499
93169,6555,103,2,1199
93170,6556,106,1,2299
93171,6556,108,2,699
93172,6557,105,2,799
93173,6557,101,1,1499
93174,6558,106,2,2299
93175,6558,112,1,999
93176,6559,116,1,849
93177,6559,108,2,699
93178,6560,107,1,199
93179,6560,102,1,3999
93180,6561,103,1,1199
93181,6561,108,2,699
93182,6562,110,2,299
93183,6562,112,1,999
93184,6563,102,1,3999
93185,6564,109,2,449
93186,6564,102,1,3999
93187,6564,115,1,649
93188,6565,113,2,2499
93189,6565,112,2,999
93190,6565,113,2,2499
93191,6566,102,2,3999
93192,6566,114,2,399
93193,6567,105,1,799
93194,6567,111,2,349
93195,6567,102,2,3999
93196,6568,114,2,399
93197,6569,110,2,299
93198,6570,112,1,999
93199,6571,107,1,199
93200,6571,101,2,1499
93201,6572,109,2,449
93202,6572,106,2,2299
93203,6573,110,2,299
93204,6573,104,1,899
93205,6574,104,1,899
93206,6574,105,2,799
93207,6574,103,1,1199
93208,6575,113,1,2499
93209,6575,101,1,1499
93210,6576,106,1,2299
93211,6576,104,1,899
93212,6576,112,2,999
93213,6577,101,1,1499
93214,6577,102,2,3999
93215,6577,109,1,449
93216,6578,115,2,649
93217,6579,110,2,299
93218,6580,109,2,449
93219,6581,105,2,799
93220,6581,105,1,799
93221,6582,106,2,2299
93222,6582,111,1,349
93223,6582,106,1,2299
93224,6583,109,1,449
93225,6584,102,2,3999
93226,6584,116,1,849
93227,6585,104,1,899
93228,6585,106,2,2299
93229,6586,105,2,799
93230,6586,109,2,449
93231,6586,108,2,699
93232,6587,101,1,1499
93233,6588,111,1,349
93234,6588,112,2,999
93235,6589,108,1,699
93236,6589,112,1,999
93237,6589,104,2,899
93238,6590,107,2,199
93239,6591,104,2,899
93240,6592,109,1,449
93241,6593,112,1,999
93242,6593,108,1,699
93243,6594,113,2,2499
93244,6595,116,1,849
93245,6596,104,1,899
93246,6597,114,2,399
93247,6598,109,2,449
93248,6598,105,2,799
93249,6598,105,2,799
93250,6599,101,2,1499
93251,6599,112,2,999
93252,6600,103,1,1199
93253,6600,101,1,1499
93254,6601,103,1,1199
93255,6601,105,2,799
93256,6602,108,1,699
93257,6602,109,2,449
93258,6603,103,1,1199
93259,6603,103,2,1199
93260,6604,115,2,649
93261,6604,109,2,449
93262,6605,115,2,649
93263,6606,108,1,699
93264,6607,110,2,299
93265,6608,104,1,899
93266,6608,105,2,799
93267,6609,101,1,1499
93268,6609,111,2,349
93269,6609,104,1,899
93270,6610,113,1,2499
93271,6611,101,2,1499
93272,6611,109,2,449
93273,6611,112,1,999
93274,6612,105,1,799
93275,6613,102,2,3999
93276,6613,104,2,899
93277,6614,109,2,449
93278,6614,114,2,399
93279,6615,111,1,349
93280,6615,107,1,199
93281,6616,115,2,649
93282,6616,108,2,699
93283,6616,101,1,1499
93284,6617,111,2,349
93285,6617,107,1,199
93286,6618,113,1,2499
93287,6618,108,1,699
93288,6618,104,2,899
93289,6619,104,1,899
93290,6619,105,2,799
93291,6619,110,2,299
93292,6620,105,1,799
93293,6620,112,1,999
93294,6620,110,1,299
93295,6621,105,1,799
93296,6621,111,1,349
93297,6622,107,1,199
93298,6622,113,1,2499
93299,6623,107,1,199
93300,6624,103,2,1199
93301,6624,115,2,649
93302,6625,113,2,2499
93303,6625,114,2,399
93304,6626,110,2,299
93305,6626,101,1,1499
93306,6626,114,1,399
93307,6627,114,1,399
93308,6627,116,2,849
93309,6628,112,2,999
93310,6629,102,2,3999
93311,6629,104,1,899
93312,6630,104,1,899
93313,6631,110,1,299
93314,6631,113,2,2499
93315,6632,107,2,199
93316,6632,111,2,349
93317,6633,110,1,299
93318,6634,109,1,449
93319,6634,110,1,299
93320,6635,103,1,1199
93321,6636,102,1,3999
93322,6637,108,1,699
93323,6637,116,2,849
93324,6638,116,1,849
93325,6638,105,2,799
93326,6638,108,1,699
93327,6639,111,1,349
93328,6639,111,1,349
93329,6640,102,1,3999
93330,6640,113,1,2499
93331,6640,108,1,699
93332,6641,110,2,299
93333,6641,107,2,199
93334,6642,108,1,699
93335,6643,103,2,1199
93336,6644,103,1,1199
93337,6644,102,2,3999
93338,6644,106,2,2299
93339,6645,114,1,399
93340,6646,102,2,3999
93341,6646,108,2,699
93342,6647,112,1,999
93343,6648,103,2,1199
93344,6649,103,1,1199
93345,6649,116,2,849
93346,6650,104,2,899
93347,6650,104,1,899
93348,6651,115,1,649
93349,6651,111,1,349
93350,6651,107,2,199
93351,6652,104,1,899
93352,6653,109,1,449
93353,6653,106,2,2299
93354,6653,108,2,699
93355,6654,108,1,699
93356,6654,109,1,449
93357,6655,103,1,1199
93358,6655,109,2,449
93359,6655,107,2,199
93360,6656,112,2,999
93361,6657,104,1,899
93362,6658,102,1,3999
93363,6658,110,1,299
93364,6659,105,1,799
93365,6659,103,2,1199
93366,6660,112,1,999
93367,6660,101,1,1499
93368,6661,103,1,1199
93369,6662,115,2,649
93370,6662,103,2,1199
93371,6662,109,2,449
93372,6663,110,2,299
93373,6663,107,1,199
93374,6663,105,2,799
93375,6664,114,1,399
93376,6665,103,1,1199
93377,6666,115,1,649
93378,6667,108,2,699
93379,6667,109,1,449
93380,6668,114,1,399
93381,6668,104,2,899
93382,6669,108,2,699
93383,6670,107,2,199
93384,6671,113,1,2499
93385,6671,115,2,649
93386,6672,107,2,199
93387,6673,109,2,449
93388,6673,113,1,2499
93389,6674,103,1,1199
93390,6674,109,2,449
93391,6674,109,1,449
93392,6675,104,2,899
93393,6675,109,2,449
93394,6676,112,1,999
93395,6677,113,2,2499
93396,6677,111,2,349
93397,6678,111,2,349
93398,6678,106,1,2299
93399,6678,110,1,299
93400,6679,107,1,199
93401,6679,113,2,2499
93402,6680,115,2,649
93403,6680,112,1,999
93404,6681,109,2,449
93405,6681,105,2,799
93406,6681,113,1,2499
93407,6682,105,2,799
93408,6683,113,1,2499
93409,6683,104,1,899
93410,6684,111,1,349
93411,6684,109,1,449
93412,6684,107,2,199
93413,6685,114,1,399
93414,6685,116,2,849
93415,6686,109,2,449
93416,6686,109,2,449
93417,6687,105,1,799
93418,6687,105,2,799
93419,6687,110,1,299
93420,6688,102,2,3999
93421,6688,108,2,699
93422,6688,102,2,3999
93423,6689,109,1,449
93424,6689,106,2,2299
93425,6689,103,2,1199
93426,6690,102,2,3999
93427,6690,101,2,1499
93428,6690,108,2,699
93429,6691,110,1,299
93430,6692,115,1,649
93431,6693,101,1,1499
93432,6694,101,1,1499
93433,6695,108,2,699
93434,6695,112,1,999
93435,6695,104,1,899
93436,6696,107,2,199
93437,6696,110,1,299
93438,6697,104,2,899
93439,6698,116,1,849
93440,6699,108,1,699
93441,6699,101,1,1499
93442,6700,103,2,1199
93443,6701,104,2,899
93444,6701,111,2,349
93445,6702,101,2,1499
93446,6702,113,1,2499
93447,6703,107,1,199
93448,6704,107,1,199
93449,6704,111,1,349
93450,6704,111,1,349
93451,6705,107,2,199
93452,6706,102,2,3999
93453,6707,109,2,449
93454,6707,105,2,799
93455,6708,116,1,849
93456,6708,109,2,449
93457,6709,114,1,399
93458,6709,112,2,999
93459,6709,115,1,649
93460,6710,102,1,3999
