order_id,customer_id,order_date,status
5001,125,2025-09-01,Delivered
5002,120,2025-09-01,Delivered
5003,22,2025-09-01,Delivered
5004,54,2025-09-01,Delivered
5005,34,2025-09-01,Cancelled
5006,126,2025-09-02,Delivered
5007,87,2025-09-02,Delivered
5008,101,2025-09-02,Delivered
5009,72,2025-09-02,Shipped
5010,39,2025-09-02,Delivered
5011,110,2025-09-03,Delivered
5012,142,2025-09-03,Cancelled
5013,141,2025-09-03,Delivered
5014,66,2025-09-03,Delivered
5015,42,2025-09-03,Delivered
5016,86,2025-09-03,Delivered
5017,67,2025-09-04,Delivered
5018,93,2025-09-04,Delivered
5019,64,2025-09-04,Delivered
5020,122,2025-09-04,Delivered
5021,39,2025-09-04,Delivered
5022,78,2025-09-04,Delivered
5023,77,2025-09-04,Delivered
5024,166,2025-09-05,Cancelled
5025,106,2025-09-05,Delivered
5026,59,2025-09-05,Cancelled
5027,75,2025-09-05,Delivered
5028,68,2025-09-05,Delivered
5029,171,2025-09-05,Delivered
5030,7,2025-09-05,Delivered
5031,168,2025-09-06,Delivered
5032,21,2025-09-06,Delivered
5033,80,2025-09-06,Delivered
5034,94,2025-09-06,Delivered
5035,16,2025-09-06,Delivered
5036,177,2025-09-06,Delivered
5037,60,2025-09-06,Delivered
5038,127,2025-09-07,Cancelled
5039,78,2025-09-07,Shipped
5040,41,2025-09-07,Delivered
5041,84,2025-09-07,Delivered
5042,22,2025-09-07,Delivered
5043,35,2025-09-07,Delivered
5044,69,2025-09-07,Delivered
5045,149,2025-09-08,Delivered
5046,130,2025-09-08,Returned
5047,11,2025-09-08,Cancelled
5048,46,2025-09-08,Delivered
5049,88,2025-09-08,Delivered
5050,167,2025-09-08,Delivered
5051,80,2025-09-09,Delivered
5052,26,2025-09-09,Delivered
5053,73,2025-09-09,Delivered
5054,104,2025-09-09,Delivered
5055,24,2025-09-09,Delivered
5056,37,2025-09-09,Delivered
5057,18,2025-09-09,Delivered
5058,12,2025-09-10,Shipped
5059,57,2025-09-10,Delivered
5060,39,2025-09-10,Delivered
5061,173,2025-09-10,Shipped
5062,117,2025-09-10,Delivered
5063,46,2025-09-10,Delivered
5064,159,2025-09-11,Delivered
5065,24,2025-09-11,Delivered
5066,131,2025-09-11,Delivered
5067,35,2025-09-11,Delivered
5068,126,2025-09-11,Delivered
5069,158,2025-09-11,Delivered
5070,130,2025-09-12,Delivered
5071,42,2025-09-12,Delivered
5072,93,2025-09-12,Delivered
5073,96,2025-09-12,Delivered
5074,158,2025-09-12,Delivered
5075,75,2025-09-12,Delivered
5076,1,2025-09-12,Delivered
5077,122,2025-09-12,Delivered
5078,17,2025-09-12,Delivered
5079,114,2025-09-13,Delivered
5080,41,2025-09-13,Delivered
5081,169,2025-09-13,Delivered
5082,45,2025-09-13,Shipped
5083,120,2025-09-13,Shipped
5084,27,2025-09-13,Delivered
5085,69,2025-09-13,Delivered
5086,61,2025-09-13,Delivered
5087,136,2025-09-13,Delivered
5088,38,2025-09-14,Cancelled
5089,37,2025-09-14,Delivered
5090,152,2025-09-14,Delivered
5091,53,2025-09-14,Delivered
5092,162,2025-09-14,Shipped
5093,90,2025-09-14,Delivered
5094,159,2025-09-14,Shipped
5095,24,2025-09-14,Delivered
5096,25,2025-09-14,Delivered
5097,180,2025-09-15,Shipped
5098,179,2025-09-15,Delivered
5099,166,2025-09-15,Delivered
5100,140,2025-09-15,Delivered
5101,116,2025-09-15,Shipped
5102,69,2025-09-15,Delivered
5103,90,2025-09-15,Delivered
5104,169,2025-09-16,Delivered
5105,77,2025-09-16,Shipped
5106,103,2025-09-16,Delivered
5107,104,2025-09-16,Delivered
5108,171,2025-09-16,Shipped
5109,103,2025-09-17,Delivered
5110,84,2025-09-17,Shipped
5111,140,2025-09-17,Delivered
5112,148,2025-09-17,Delivered
5113,117,2025-09-17,Delivered
5114,32,2025-09-17,Delivered
5115,161,2025-09-17,Cancelled
5116,101,2025-09-17,Returned
5117,58,2025-09-18,Delivered
5118,76,2025-09-18,Delivered
5119,174,2025-09-18,Returned
5120,78,2025-09-18,Delivered
5121,99,2025-09-18,Cancelled
5122,36,2025-09-18,Shipped
5123,60,2025-09-18,Delivered
5124,104,2025-09-18,Delivered
5125,30,2025-09-19,Delivered
5126,180,2025-09-19,Cancelled
5127,128,2025-09-19,Delivered
5128,175,2025-09-19,Delivered
5129,87,2025-09-19,Delivered
5130,135,2025-09-19,Delivered
5131,127,2025-09-19,Delivered
5132,85,2025-09-19,Shipped
5133,23,2025-09-20,Returned
5134,28,2025-09-20,Delivered
5135,140,2025-09-20,Shipped
5136,10,2025-09-20,Delivered
5137,67,2025-09-20,Delivered
5138,134,2025-09-20,Delivered
5139,4,2025-09-20,Delivered
5140,161,2025-09-20,Shipped
5141,23,2025-09-20,Returned
5142,146,2025-09-21,Delivered
5143,178,2025-09-21,Delivered
5144,128,2025-09-21,Delivered
5145,167,2025-09-21,Delivered
5146,148,2025-09-21,Delivered
5147,116,2025-09-22,Delivered
5148,4,2025-09-22,Shipped
5149,64,2025-09-22,Returned
5150,69,2025-09-22,Delivered
5151,141,2025-09-22,Delivered
5152,15,2025-09-22,Delivered
5153,60,2025-09-22,Delivered
5154,24,2025-09-22,Delivered
5155,104,2025-09-23,Delivered
5156,40,2025-09-23,Shipped
5157,145,2025-09-23,Delivered
5158,115,2025-09-23,Delivered
5159,9,2025-09-23,Delivered
5160,145,2025-09-23,Delivered
5161,41,2025-09-23,Delivered
5162,142,2025-09-23,Delivered
5163,166,2025-09-23,Shipped
5164,168,2025-09-24,Delivered
5165,96,2025-09-24,Delivered
5166,50,2025-09-24,Delivered
5167,96,2025-09-24,Cancelled
5168,60,2025-09-24,Delivered
5169,116,2025-09-24,Delivered
5170,43,2025-09-24,Delivered
5171,15,2025-09-24,Returned
5172,67,2025-09-24,Delivered
5173,42,2025-09-25,Delivered
5174,5,2025-09-25,Returned
5175,11,2025-09-25,Delivered
5176,51,2025-09-25,Delivered
5177,52,2025-09-25,Delivered
5178,15,2025-09-25,Shipped
5179,69,2025-09-25,Shipped
5180,148,2025-09-26,Delivered
5181,98,2025-09-26,Delivered
5182,23,2025-09-26,Delivered
5183,143,2025-09-26,Delivered
5184,154,2025-09-26,Delivered
5185,129,2025-09-26,Delivered
5186,147,2025-09-27,Delivered
5187,155,2025-09-27,Delivered
5188,144,2025-09-27,Shipped
5189,109,2025-09-27,Delivered
5190,102,2025-09-27,Delivered
5191,160,2025-09-27,Cancelled
5192,11,2025-09-28,Delivered
5193,152,2025-09-28,Delivered
5194,140,2025-09-28,Delivered
5195,141,2025-09-28,Delivered
5196,140,2025-09-28,Delivered
5197,84,2025-09-28,Delivered
5198,156,2025-09-28,Delivered
5199,174,2025-09-28,Delivered
5200,162,2025-09-29,Delivered
5201,147,2025-09-29,Delivered
5202,116,2025-09-29,Delivered
5203,77,2025-09-29,Delivered
5204,149,2025-09-29,Delivered
5205,156,2025-09-29,Returned
5206,3,2025-09-29,Shipped
5207,138,2025-09-29,Delivered
5208,116,2025-09-30,Delivered
5209,129,2025-09-30,Delivered
5210,160,2025-09-30,Delivered
5211,76,2025-09-30,Delivered
5212,162,2025-09-30,Delivered
5213,102,2025-09-30,Cancelled
5214,142,2025-09-30,Delivered
5215,20,2025-09-30,Delivered
5216,16,2025-09-30,Delivered
5217,150,2025-10-01,Shipped
5218,57,2025-10-01,Delivered
5219,41,2025-10-01,Delivered
5220,18,2025-10-01,Returned
5221,125,2025-10-01,Delivered
5222,98,2025-10-02,Delivered
5223,30,2025-10-02,Delivered
5224,90,2025-10-02,Delivered
5225,40,2025-10-02,Delivered
5226,33,2025-10-02,Delivered
5227,130,2025-10-02,Cancelled
5228,113,2025-10-03,Delivered
5229,70,2025-10-03,Delivered
5230,60,2025-10-03,Delivered
5231,80,2025-10-03,Delivered
5232,104,2025-10-03,Delivered
5233,170,2025-10-03,Delivered
5234,26,2025-10-03,Cancelled
5235,156,2025-10-04,Delivered
5236,11,2025-10-04,Delivered
5237,148,2025-10-04,Delivered
5238,175,2025-10-04,Returned
5239,89,2025-10-04,Delivered
5240,88,2025-10-05,Delivered
5241,12,2025-10-05,Delivered
5242,89,2025-10-05,Delivered
5243,61,2025-10-05,Delivered
5244,62,2025-10-05,Delivered
5245,119,2025-10-05,Delivered
5246,72,2025-10-05,Delivered
5247,120,2025-10-05,Delivered
5248,166,2025-10-06,Delivered
5249,24,2025-10-06,Delivered
5250,76,2025-10-06,Shipped
5251,84,2025-10-06,Delivered
5252,65,2025-10-06,Shipped
5253,56,2025-10-06,Cancelled
5254,42,2025-10-06,Delivered
5255,113,2025-10-06,Returned
5256,19,2025-10-06,Delivered
5257,114,2025-10-07,Delivered
5258,159,2025-10-07,Returned
5259,77,2025-10-07,Delivered
5260,57,2025-10-07,Shipped
5261,145,2025-10-07,Delivered
5262,65,2025-10-07,Delivered
5263,151,2025-10-07,Delivered
5264,101,2025-10-07,Shipped
5265,11,2025-10-08,Delivered
5266,35,2025-10-08,Delivered
5267,88,2025-10-08,Delivered
5268,141,2025-10-08,Delivered
5269,50,2025-10-08,Delivered
5270,75,2025-10-08,Delivered
5271,9,2025-10-09,Delivered
5272,41,2025-10-09,Shipped
5273,151,2025-10-09,Shipped
5274,149,2025-10-09,Delivered
5275,37,2025-10-09,Delivered
5276,9,2025-10-09,Returned
5277,37,2025-10-09,Shipped
5278,87,2025-10-09,Delivered
5279,102,2025-10-10,Delivered
5280,49,2025-10-10,Delivered
5281,18,2025-10-10,Delivered
5282,161,2025-10-10,Delivered
5283,73,2025-10-10,Shipped
5284,2,2025-10-10,Delivered
5285,8,2025-10-10,Delivered
5286,104,2025-10-10,Delivered
5287,154,2025-10-10,Delivered
5288,158,2025-10-10,Delivered
5289,109,2025-10-10,Shipped
5290,123,2025-10-10,Shipped
5291,93,2025-10-10,Delivered
5292,59,2025-10-10,Returned
5293,53,2025-10-10,Delivered
5294,128,2025-10-10,Delivered
5295,83,2025-10-10,Delivered
5296,166,2025-10-10,Delivered
5297,97,2025-10-10,Cancelled
5298,109,2025-10-10,Delivered
5299,85,2025-10-11,Delivered
5300,157,2025-10-11,Delivered
5301,36,2025-10-11,Delivered
5302,39,2025-10-11,Cancelled
5303,9,2025-10-11,Returned
5304,82,2025-10-11,Delivered
5305,135,2025-10-11,Returned
5306,20,2025-10-11,Shipped
5307,18,2025-10-11,Delivered
5308,93,2025-10-11,Shipped
5309,69,2025-10-11,Delivered
5310,37,2025-10-11,Shipped
5311,159,2025-10-11,Delivered
5312,84,2025-10-11,Delivered
5313,98,2025-10-11,Delivered
5314,17,2025-10-11,Delivered
5315,68,2025-10-11,Cancelled
5316,17,2025-10-11,Returned
5317,167,2025-10-11,Delivered
5318,180,2025-10-12,Delivered
5319,71,2025-10-12,Delivered
5320,39,2025-10-12,Delivered
5321,61,2025-10-12,Delivered
5322,79,2025-10-12,Delivered
5323,109,2025-10-12,Delivered
5324,76,2025-10-12,Delivered
5325,50,2025-10-12,Cancelled
5326,128,2025-10-12,Delivered
5327,46,2025-10-12,Returned
5328,3,2025-10-12,Delivered
5329,20,2025-10-12,Delivered
5330,124,2025-10-12,Delivered
5331,13,2025-10-12,Returned
5332,99,2025-10-12,Delivered
5333,64,2025-10-12,Delivered
5334,167,2025-10-12,Delivered
5335,143,2025-10-13,Delivered
5336,54,2025-10-13,Delivered
5337,19,2025-10-13,Delivered
5338,53,2025-10-13,Delivered
5339,40,2025-10-13,Delivered
5340,115,2025-10-13,Delivered
5341,67,2025-10-13,Delivered
5342,9,2025-10-13,Delivered
5343,48,2025-10-13,Delivered
5344,54,2025-10-13,Delivered
5345,72,2025-10-13,Delivered
5346,77,2025-10-13,Delivered
5347,39,2025-10-13,Delivered
5348,77,2025-10-13,Delivered
5349,29,2025-10-13,Delivered
5350,132,2025-10-13,Delivered
5351,24,2025-10-13,Delivered
5352,62,2025-10-13,Delivered
5353,63,2025-10-13,Delivered
5354,73,2025-10-14,Cancelled
5355,4,2025-10-14,Shipped
5356,59,2025-10-14,Delivered
5357,109,2025-10-14,Returned
5358,56,2025-10-14,Delivered
5359,19,2025-10-14,Shipped
5360,119,2025-10-14,Shipped
5361,174,2025-10-14,Delivered
5362,57,2025-10-14,Delivered
5363,163,2025-10-14,Delivered
5364,106,2025-10-14,Shipped
5365,127,2025-10-14,Shipped
5366,175,2025-10-14,Shipped
5367,151,2025-10-14,Delivered
5368,104,2025-10-14,Shipped
5369,110,2025-10-14,Delivered
5370,77,2025-10-14,Delivered
5371,75,2025-10-14,Delivered
5372,62,2025-10-14,Delivered
5373,48,2025-10-15,Shipped
5374,82,2025-10-15,Delivered
5375,63,2025-10-15,Delivered
5376,65,2025-10-15,Cancelled
5377,174,2025-10-15,Cancelled
5378,5,2025-10-15,Delivered
5379,115,2025-10-15,Delivered
5380,70,2025-10-15,Delivered
5381,45,2025-10-15,Returned
5382,174,2025-10-15,Shipped
5383,52,2025-10-15,Shipped
5384,93,2025-10-15,Returned
5385,99,2025-10-15,Delivered
5386,81,2025-10-15,Delivered
5387,172,2025-10-15,Delivered
5388,32,2025-10-15,Shipped
5389,93,2025-10-15,Delivered
5390,29,2025-10-15,Shipped
5391,128,2025-10-15,Delivered
5392,87,2025-10-15,Delivered
5393,62,2025-10-16,Delivered
5394,71,2025-10-16,Delivered
5395,180,2025-10-16,Delivered
5396,153,2025-10-16,Delivered
5397,76,2025-10-16,Delivered
5398,45,2025-10-16,Delivered
5399,162,2025-10-16,Delivered
5400,15,2025-10-16,Delivered
5401,175,2025-10-16,Delivered
5402,133,2025-10-16,Delivered
5403,52,2025-10-16,Delivered
5404,165,2025-10-16,Delivered
5405,45,2025-10-16,Delivered
5406,22,2025-10-16,Delivered
5407,54,2025-10-16,Delivered
5408,99,2025-10-16,Delivered
5409,29,2025-10-16,Delivered
5410,23,2025-10-16,Delivered
5411,53,2025-10-17,Delivered
5412,26,2025-10-17,Shipped
5413,167,2025-10-17,Delivered
5414,62,2025-10-17,Delivered
5415,166,2025-10-17,Delivered
5416,13,2025-10-17,Delivered
5417,40,2025-10-17,Delivered
5418,83,2025-10-17,Delivered
5419,8,2025-10-17,Delivered
5420,130,2025-10-17,Delivered
5421,91,2025-10-17,Delivered
5422,38,2025-10-17,Delivered
5423,178,2025-10-17,Delivered
5424,16,2025-10-17,Cancelled
5425,35,2025-10-17,Delivered
5426,168,2025-10-17,Delivered
5427,92,2025-10-17,Delivered
5428,81,2025-10-17,Delivered
5429,14,2025-10-17,Delivered
5430,4,2025-10-17,Delivered
5431,66,2025-10-18,Delivered
5432,168,2025-10-18,Delivered
5433,19,2025-10-18,Delivered
5434,116,2025-10-18,Cancelled
5435,179,2025-10-18,Delivered
5436,58,2025-10-18,Delivered
5437,3,2025-10-18,Delivered
5438,170,2025-10-18,Shipped
5439,23,2025-10-18,Delivered
5440,46,2025-10-18,Delivered
5441,134,2025-10-18,Delivered
5442,94,2025-10-18,Delivered
5443,13,2025-10-18,Shipped
5444,121,2025-10-18,Delivered
5445,125,2025-10-18,Delivered
5446,93,2025-10-18,Delivered
5447,145,2025-10-18,Delivered
5448,22,2025-10-18,Delivered
5449,72,2025-10-18,Delivered
5450,132,2025-10-18,Delivered
5451,36,2025-10-19,Delivered
5452,21,2025-10-19,Cancelled
5453,81,2025-10-19,Delivered
5454,96,2025-10-19,Delivered
5455,117,2025-10-19,Delivered
5456,6,2025-10-19,Delivered
5457,141,2025-10-19,Delivered
5458,15,2025-10-19,Delivered
5459,116,2025-10-19,Delivered
5460,105,2025-10-19,Returned
5461,19,2025-10-19,Cancelled
5462,168,2025-10-19,Shipped
5463,152,2025-10-19,Delivered
5464,66,2025-10-19,Cancelled
5465,174,2025-10-19,Delivered
5466,35,2025-10-19,Delivered
5467,29,2025-10-19,Shipped
5468,121,2025-10-19,Delivered
5469,42,2025-10-19,Delivered
5470,78,2025-10-19,Delivered
5471,18,2025-10-20,Delivered
5472,59,2025-10-20,Delivered
5473,30,2025-10-20,Delivered
5474,19,2025-10-20,Delivered
5475,24,2025-10-20,Delivered
5476,85,2025-10-20,Shipped
5477,109,2025-10-20,Shipped
5478,151,2025-10-20,Delivered
5479,60,2025-10-20,Shipped
5480,163,2025-10-20,Delivered
5481,7,2025-10-20,Delivered
5482,48,2025-10-20,Delivered
5483,16,2025-10-20,Delivered
5484,134,2025-10-20,Delivered
5485,63,2025-10-20,Cancelled
5486,122,2025-10-20,Delivered
5487,123,2025-10-20,Delivered
5488,72,2025-10-20,Delivered
5489,176,2025-10-20,Delivered
5490,25,2025-10-20,Delivered
5491,137,2025-10-20,Delivered
5492,67,2025-10-21,Delivered
5493,34,2025-10-21,Delivered
5494,179,2025-10-21,Delivered
5495,88,2025-10-21,Delivered
5496,84,2025-10-21,Shipped
5497,159,2025-10-21,Delivered
5498,146,2025-10-21,Delivered
5499,44,2025-10-21,Returned
5500,79,2025-10-21,Delivered
5501,15,2025-10-21,Delivered
5502,141,2025-10-21,Shipped
5503,17,2025-10-21,Delivered
5504,19,2025-10-21,Delivered
5505,162,2025-10-21,Delivered
5506,4,2025-10-21,Delivered
5507,110,2025-10-21,Delivered
5508,155,2025-10-21,Delivered
5509,164,2025-10-21,Delivered
5510,97,2025-10-21,Delivered
5511,54,2025-10-21,Cancelled
5512,109,2025-10-21,Shipped
5513,132,2025-10-22,Delivered
5514,45,2025-10-22,Delivered
5515,153,2025-10-22,Delivered
5516,118,2025-10-22,Delivered
5517,63,2025-10-22,Delivered
5518,78,2025-10-22,Delivered
5519,76,2025-10-22,Delivered
5520,71,2025-10-22,Delivered
5521,99,2025-10-22,Delivered
5522,177,2025-10-22,Delivered
5523,162,2025-10-22,Delivered
5524,103,2025-10-22,Delivered
5525,74,2025-10-22,Delivered
5526,113,2025-10-22,Shipped
5527,123,2025-10-22,Delivered
5528,100,2025-10-22,Delivered
5529,74,2025-10-22,Shipped
5530,36,2025-10-22,Delivered
5531,28,2025-10-23,Delivered
5532,50,2025-10-23,Delivered
5533,162,2025-10-23,Delivered
5534,178,2025-10-23,Delivered
5535,112,2025-10-23,Delivered
5536,39,2025-10-23,Delivered
5537,148,2025-10-23,Delivered
5538,131,2025-10-23,Delivered
5539,177,2025-10-23,Delivered
5540,172,2025-10-23,Delivered
5541,149,2025-10-23,Cancelled
5542,144,2025-10-23,Delivered
5543,22,2025-10-23,Shipped
5544,151,2025-10-23,Cancelled
5545,66,2025-10-23,Delivered
5546,127,2025-10-23,Delivered
5547,178,2025-10-23,Delivered
5548,139,2025-10-23,Delivered
5549,7,2025-10-23,Delivered
5550,121,2025-10-23,Delivered
5551,67,2025-10-24,Shipped
5552,16,2025-10-24,Delivered
5553,17,2025-10-24,Returned
5554,119,2025-10-24,Delivered
5555,104,2025-10-24,Delivered
5556,69,2025-10-24,Delivered
5557,73,2025-10-24,Delivered
5558,73,2025-10-24,Delivered
5559,171,2025-10-24,Delivered
5560,54,2025-10-24,Delivered
5561,171,2025-10-24,Delivered
5562,81,2025-10-24,Returned
5563,58,2025-10-24,Cancelled
5564,132,2025-10-24,Delivered
5565,179,2025-10-24,Delivered
5566,6,2025-10-24,Shipped
5567,94,2025-10-24,Delivered
5568,129,2025-10-24,Delivered
5569,92,2025-10-25,Delivered
5570,122,2025-10-25,Delivered
5571,129,2025-10-25,Delivered
5572,67,2025-10-25,Delivered
5573,109,2025-10-25,Delivered
5574,28,2025-10-25,Delivered
5575,134,2025-10-25,Delivered
5576,120,2025-10-25,Delivered
5577,105,2025-10-25,Delivered
5578,69,2025-10-25,Delivered
5579,68,2025-10-25,Delivered
5580,151,2025-10-25,Delivered
5581,12,2025-10-25,Delivered
5582,179,2025-10-25,Delivered
5583,24,2025-10-25,Delivered
5584,1,2025-10-25,Delivered
5585,152,2025-10-25,Shipped
5586,124,2025-10-26,Delivered
5587,171,2025-10-26,Delivered
5588,131,2025-10-26,Delivered
5589,79,2025-10-26,Shipped
5590,178,2025-10-26,Delivered
5591,9,2025-10-26,Delivered
5592,28,2025-10-26,Delivered
5593,108,2025-10-27,Shipped
5594,91,2025-10-27,Delivered
5595,50,2025-10-27,Delivered
5596,70,2025-10-27,Delivered
5597,96,2025-10-27,Shipped
5598,160,2025-10-27,Delivered
5599,84,2025-10-28,Delivered
5600,59,2025-10-28,Delivered
5601,109,2025-10-28,Delivered
5602,134,2025-10-28,Delivered
5603,154,2025-10-28,Delivered
5604,24,2025-10-29,Cancelled
5605,111,2025-10-29,Delivered
5606,127,2025-10-29,Delivered
5607,92,2025-10-29,Shipped
5608,94,2025-10-29,Shipped
5609,93,2025-10-29,Cancelled
5610,115,2025-10-29,Delivered
5611,96,2025-10-29,Shipped
5612,18,2025-10-30,Delivered
5613,137,2025-10-30,Delivered
5614,80,2025-10-30,Delivered
5615,94,2025-10-30,Delivered
5616,9,2025-10-30,Delivered
5617,59,2025-10-30,Delivered
5618,87,2025-10-31,Shipped
5619,75,2025-10-31,Delivered
5620,59,2025-10-31,Delivered
5621,119,2025-10-31,Delivered
5622,131,2025-10-31,Delivered
5623,25,2025-10-31,Delivered
5624,129,2025-10-31,Delivered
5625,169,2025-11-01,Delivered
5626,51,2025-11-01,Shipped
5627,1,2025-11-01,Delivered
5628,25,2025-11-01,Delivered
5629,131,2025-11-01,Delivered
5630,39,2025-11-01,Delivered
5631,151,2025-11-01,Delivered
5632,79,2025-11-01,Delivered
5633,141,2025-11-02,Delivered
5634,65,2025-11-02,Delivered
5635,106,2025-11-02,Delivered
5636,28,2025-11-02,Delivered
5637,106,2025-11-02,Delivered
5638,105,2025-11-02,Delivered
5639,95,2025-11-02,Delivered
5640,77,2025-11-03,Shipped
5641,6,2025-11-03,Delivered
5642,74,2025-11-03,Delivered
5643,165,2025-11-03,Delivered
5644,95,2025-11-03,Delivered
5645,59,2025-11-03,Delivered
5646,143,2025-11-03,Delivered
5647,100,2025-11-03,Delivered
5648,114,2025-11-04,Delivered
5649,5,2025-11-04,Delivered
5650,24,2025-11-04,Delivered
5651,13,2025-11-04,Shipped
5652,72,2025-11-04,Delivered
5653,127,2025-11-05,Shipped
5654,106,2025-11-05,Delivered
5655,141,2025-11-05,Delivered
5656,167,2025-11-05,Delivered
5657,167,2025-11-05,Delivered
5658,167,2025-11-06,Delivered
5659,120,2025-11-06,Returned
5660,45,2025-11-06,Delivered
5661,48,2025-11-06,Returned
5662,142,2025-11-06,Delivered
5663,69,2025-11-06,Delivered
5664,120,2025-11-06,Delivered
5665,59,2025-11-06,Delivered
5666,74,2025-11-06,Delivered
5667,152,2025-11-07,Delivered
5668,40,2025-11-07,Shipped
5669,84,2025-11-07,Delivered
5670,66,2025-11-07,Delivered
5671,177,2025-11-07,Cancelled
5672,86,2025-11-08,Delivered
5673,124,2025-11-08,Delivered
5674,126,2025-11-08,Delivered
5675,4,2025-11-08,Delivered
5676,126,2025-11-08,Shipped
5677,17,2025-11-08,Delivered
5678,111,2025-11-08,Delivered
5679,64,2025-11-09,Shipped
5680,140,2025-11-09,Delivered
5681,145,2025-11-09,Cancelled
5682,4,2025-11-09,Cancelled
5683,63,2025-11-09,Delivered
5684,58,2025-11-10,Delivered
5685,40,2025-11-10,Cancelled
5686,14,2025-11-10,Shipped
5687,175,2025-11-10,Shipped
5688,118,2025-11-10,Shipped
5689,67,2025-11-10,Shipped
5690,84,2025-11-11,Shipped
5691,174,2025-11-11,Delivered
5692,32,2025-11-11,Delivered
5693,73,2025-11-11,Delivered
5694,2,2025-11-11,Delivered
5695,117,2025-11-11,Delivered
5696,117,2025-11-11,Delivered
5697,114,2025-11-11,Delivered
5698,116,2025-11-11,Cancelled
5699,27,2025-11-12,Delivered
5700,2,2025-11-12,Delivered
5701,79,2025-11-12,Delivered
5702,151,2025-11-12,Cancelled
5703,7,2025-11-12,Delivered
5704,120,2025-11-12,Delivered
5705,107,2025-11-12,Delivered
5706,133,2025-11-12,Delivered
5707,162,2025-11-13,Delivered
5708,99,2025-11-13,Delivered
5709,41,2025-11-13,Delivered
5710,77,2025-11-13,Delivered
5711,177,2025-11-13,Delivered
5712,142,2025-11-13,Delivered
5713,104,2025-11-13,Delivered
5714,35,2025-11-14,Delivered
5715,159,2025-11-14,Delivered
5716,60,2025-11-14,Delivered
5717,3,2025-11-14,Returned
5718,10,2025-11-14,Delivered
5719,177,2025-11-14,Delivered
5720,126,2025-11-14,Delivered
5721,106,2025-11-15,Delivered
5722,117,2025-11-15,Delivered
5723,59,2025-11-15,Delivered
5724,132,2025-11-15,Delivered
5725,110,2025-11-15,Delivered
5726,160,2025-11-15,Delivered
5727,156,2025-11-15,Shipped
5728,128,2025-11-15,Delivered
5729,88,2025-11-15,Delivered
5730,136,2025-11-16,Delivered
5731,39,2025-11-16,Delivered
5732,54,2025-11-16,Shipped
5733,118,2025-11-16,Delivered
5734,21,2025-11-16,Delivered
5735,119,2025-11-16,Shipped
5736,21,2025-11-16,Delivered
5737,17,2025-11-16,Delivered
5738,145,2025-11-17,Delivered
5739,8,2025-11-17,Delivered
5740,150,2025-11-17,Delivered
5741,34,2025-11-17,Shipped
5742,131,2025-11-17,Shipped
5743,24,2025-11-18,Delivered
5744,175,2025-11-18,Delivered
5745,31,2025-11-18,Delivered
5746,108,2025-11-18,Delivered
5747,38,2025-11-18,Delivered
5748,115,2025-11-18,Delivered
5749,4,2025-11-18,Delivered
5750,173,2025-11-18,Shipped
5751,48,2025-11-19,Delivered
5752,18,2025-11-19,Delivered
5753,64,2025-11-19,Delivered
5754,47,2025-11-19,Delivered
5755,88,2025-11-19,Delivered
5756,79,2025-11-19,Delivered
5757,113,2025-11-19,Delivered
5758,55,2025-11-19,Delivered
5759,166,2025-11-20,Shipped
5760,33,2025-11-20,Shipped
5761,140,2025-11-20,Returned
5762,76,2025-11-20,Delivered
5763,6,2025-11-20,Delivered
5764,126,2025-11-20,Delivered
5765,92,2025-11-20,Delivered
5766,12,2025-11-20,Delivered
5767,69,2025-11-21,Delivered
5768,29,2025-11-21,Delivered
5769,96,2025-11-21,Delivered
5770,16,2025-11-21,Delivered
5771,41,2025-11-21,Delivered
5772,47,2025-11-21,Delivered
5773,104,2025-11-21,Delivered
5774,138,2025-11-21,Delivered
5775,26,2025-11-22,Delivered
5776,38,2025-11-22,Delivered
5777,12,2025-11-22,Delivered
5778,136,2025-11-22,Delivered
5779,79,2025-11-22,Shipped
5780,35,2025-11-23,Delivered
5781,178,2025-11-23,Delivered
5782,61,2025-11-23,Delivered
5783,148,2025-11-23,Shipped
5784,125,2025-11-23,Delivered
5785,154,2025-11-23,Delivered
5786,8,2025-11-23,Delivered
5787,114,2025-11-23,Delivered
5788,20,2025-11-23,Shipped
5789,88,2025-11-24,Delivered
5790,108,2025-11-24,Delivered
5791,119,2025-11-24,Delivered
5792,130,2025-11-24,Delivered
5793,95,2025-11-24,Delivered
5794,85,2025-11-24,Delivered
5795,96,2025-11-25,Delivered
5796,65,2025-11-25,Cancelled
5797,66,2025-11-25,Shipped
5798,95,2025-11-25,Delivered
5799,87,2025-11-25,Delivered
5800,20,2025-11-25,Delivered
5801,65,2025-11-25,Delivered
5802,113,2025-11-25,Delivered
5803,140,2025-11-25,Shipped
5804,7,2025-11-26,Returned
5805,20,2025-11-26,Delivered
5806,103,2025-11-26,Cancelled
5807,25,2025-11-26,Delivered
5808,22,2025-11-26,Shipped
5809,74,2025-11-27,Cancelled
5810,127,2025-11-27,Delivered
5811,31,2025-11-27,Delivered
5812,49,2025-11-27,Delivered
5813,89,2025-11-27,Delivered
5814,2,2025-11-27,Delivered
5815,4,2025-11-28,Delivered
5816,160,2025-11-28,Cancelled
5817,88,2025-11-28,Delivered
5818,123,2025-11-28,Shipped
5819,24,2025-11-28,Delivered
5820,146,2025-11-29,Delivered
5821,16,2025-11-29,Returned
5822,87,2025-11-29,Delivered
5823,105,2025-11-29,Delivered
5824,33,2025-11-29,Delivered
5825,45,2025-11-29,Cancelled
5826,124,2025-11-29,Delivered
5827,57,2025-11-29,Delivered
5828,124,2025-11-29,Shipped
5829,68,2025-11-30,Delivered
5830,167,2025-11-30,Delivered
5831,124,2025-11-30,Delivered
5832,31,2025-11-30,Delivered
5833,159,2025-11-30,Delivered
5834,30,2025-11-30,Shipped
5835,98,2025-11-30,Delivered
5836,26,2025-12-01,Delivered
5837,164,2025-12-01,Delivered
5838,44,2025-12-01,Delivered
5839,90,2025-12-01,Delivered
5840,95,2025-12-01,Delivered
5841,102,2025-12-01,Delivered
5842,111,2025-12-01,Cancelled
5843,112,2025-12-02,Delivered
5844,79,2025-12-02,Delivered
5845,90,2025-12-02,Delivered
5846,23,2025-12-02,Delivered
5847,2,2025-12-02,Delivered
5848,85,2025-12-02,Delivered
5849,10,2025-12-02,Delivered
5850,95,2025-12-03,Cancelled
5851,46,2025-12-03,Delivered
5852,130,2025-12-03,Returned
5853,123,2025-12-03,Delivered
5854,155,2025-12-03,Delivered
5855,102,2025-12-03,Delivered
5856,153,2025-12-03,Cancelled
5857,165,2025-12-03,Cancelled
5858,54,2025-12-04,Delivered
5859,116,2025-12-04,Delivered
5860,130,2025-12-04,Delivered
5861,117,2025-12-04,Delivered
5862,124,2025-12-04,Delivered
5863,42,2025-12-04,Returned
5864,83,2025-12-04,Delivered
5865,179,2025-12-04,Delivered
5866,115,2025-12-05,Delivered
5867,68,2025-12-05,Delivered
5868,56,2025-12-05,Delivered
5869,54,2025-12-05,Delivered
5870,156,2025-12-05,Delivered
5871,133,2025-12-05,Delivered
5872,21,2025-12-05,Delivered
5873,116,2025-12-05,Delivered
5874,155,2025-12-06,Delivered
5875,154,2025-12-06,Delivered
5876,137,2025-12-06,Delivered
5877,65,2025-12-06,Delivered
5878,19,2025-12-06,Delivered
5879,42,2025-12-06,Delivered
5880,66,2025-12-06,Delivered
5881,142,2025-12-06,Cancelled
5882,91,2025-12-06,Delivered
5883,42,2025-12-07,Cancelled
5884,168,2025-12-07,Delivered
5885,43,2025-12-07,Delivered
5886,106,2025-12-07,Delivered
5887,27,2025-12-07,Shipped
5888,27,2025-12-07,Cancelled
5889,126,2025-12-07,Cancelled
5890,66,2025-12-08,Delivered
5891,124,2025-12-08,Delivered
5892,163,2025-12-08,Shipped
5893,159,2025-12-08,Returned
5894,75,2025-12-08,Delivered
5895,142,2025-12-08,Delivered
5896,73,2025-12-08,Shipped
5897,139,2025-12-08,Shipped
5898,147,2025-12-09,Delivered
5899,67,2025-12-09,Delivered
5900,160,2025-12-09,Delivered
5901,63,2025-12-09,Cancelled
5902,109,2025-12-09,Delivered
5903,49,2025-12-09,Delivered
5904,95,2025-12-09,Delivered
5905,162,2025-12-10,Delivered
5906,119,2025-12-10,Delivered
5907,137,2025-12-10,Shipped
5908,142,2025-12-10,Shipped
5909,111,2025-12-10,Shipped
5910,141,2025-12-10,Returned
5911,119,2025-12-10,Delivered
5912,49,2025-12-10,Cancelled
5913,77,2025-12-10,Cancelled
5914,85,2025-12-11,Delivered
5915,76,2025-12-11,Delivered
5916,170,2025-12-11,Delivered
5917,149,2025-12-11,Delivered
5918,122,2025-12-11,Shipped
5919,132,2025-12-11,Delivered
5920,117,2025-12-11,Cancelled
5921,96,2025-12-11,Delivered
5922,52,2025-12-12,Delivered
5923,167,2025-12-12,Shipped
5924,40,2025-12-12,Delivered
5925,60,2025-12-12,Shipped
5926,139,2025-12-12,Returned
5927,130,2025-12-12,Delivered
5928,35,2025-12-12,Delivered
5929,4,2025-12-12,Delivered
5930,104,2025-12-12,Delivered
5931,45,2025-12-13,Delivered
5932,12,2025-12-13,Delivered
5933,87,2025-12-13,Cancelled
5934,139,2025-12-13,Delivered
5935,152,2025-12-13,Delivered
5936,93,2025-12-14,Delivered
5937,91,2025-12-14,Delivered
5938,121,2025-12-14,Delivered
5939,78,2025-12-14,Delivered
5940,93,2025-12-14,Delivered
5941,92,2025-12-14,Delivered
5942,70,2025-12-14,Delivered
5943,3,2025-12-14,Delivered
5944,107,2025-12-14,Delivered
5945,159,2025-12-15,Delivered
5946,163,2025-12-15,Delivered
5947,179,2025-12-15,Delivered
5948,55,2025-12-15,Delivered
5949,131,2025-12-15,Delivered
5950,135,2025-12-15,Delivered
5951,51,2025-12-15,Delivered
5952,74,2025-12-15,Delivered
5953,140,2025-12-15,Delivered
5954,151,2025-12-16,Delivered
5955,3,2025-12-16,Delivered
5956,29,2025-12-16,Delivered
5957,83,2025-12-16,Delivered
5958,177,2025-12-16,Delivered
5959,76,2025-12-16,Cancelled
5960,9,2025-12-16,Shipped
5961,171,2025-12-16,Delivered
5962,165,2025-12-16,Delivered
5963,84,2025-12-17,Delivered
5964,35,2025-12-17,Delivered
5965,100,2025-12-17,Delivered
5966,151,2025-12-17,Delivered
5967,34,2025-12-17,Delivered
5968,93,2025-12-17,Delivered
5969,78,2025-12-17,Returned
5970,40,2025-12-18,Delivered
5971,27,2025-12-18,Delivered
5972,94,2025-12-18,Delivered
5973,109,2025-12-18,Delivered
5974,162,2025-12-18,Shipped
5975,133,2025-12-18,Delivered
5976,131,2025-12-18,Delivered
5977,175,2025-12-18,Shipped
5978,119,2025-12-19,Returned
5979,162,2025-12-19,Delivered
5980,154,2025-12-19,Delivered
5981,93,2025-12-19,Cancelled
5982,82,2025-12-19,Delivered
5983,176,2025-12-19,Delivered
5984,76,2025-12-19,Delivered
5985,14,2025-12-19,Delivered
5986,20,2025-12-20,Delivered
5987,62,2025-12-20,Delivered
5988,45,2025-12-20,Delivered
5989,18,2025-12-20,Delivered
5990,78,2025-12-20,Delivered
5991,87,2025-12-20,Shipped
5992,10,2025-12-20,Delivered
5993,178,2025-12-20,Delivered
5994,167,2025-12-20,Cancelled
5995,56,2025-12-21,Shipped
5996,29,2025-12-21,Delivered
5997,142,2025-12-21,Delivered
5998,78,2025-12-21,Cancelled
5999,172,2025-12-21,Delivered
6000,140,2025-12-21,Delivered
6001,143,2025-12-22,Cancelled
6002,16,2025-12-22,Delivered
6003,148,2025-12-22,Returned
6004,13,2025-12-22,Delivered
6005,155,2025-12-22,Delivered
6006,24,2025-12-22,Delivered
6007,3,2025-12-22,Shipped
6008,45,2025-12-23,Delivered
6009,158,2025-12-23,Cancelled
6010,167,2025-12-23,Delivered
6011,90,2025-12-23,Returned
6012,120,2025-12-23,Cancelled
6013,2,2025-12-23,Delivered
6014,136,2025-12-23,Delivered
6015,125,2025-12-23,Cancelled
6016,118,2025-12-23,Delivered
6017,61,2025-12-24,Delivered
6018,86,2025-12-24,Delivered
6019,83,2025-12-24,Shipped
6020,163,2025-12-24,Delivered
6021,70,2025-12-24,Delivered
6022,85,2025-12-24,Delivered
6023,173,2025-12-25,Delivered
6024,148,2025-12-25,Delivered
6025,49,2025-12-25,Delivered
6026,125,2025-12-25,Delivered
6027,16,2025-12-25,Delivered
6028,16,2025-12-25,Delivered
6029,32,2025-12-25,Delivered
6030,92,2025-12-26,Delivered
6031,172,2025-12-26,Delivered
6032,85,2025-12-26,Delivered
6033,112,2025-12-26,Cancelled
6034,115,2025-12-26,Delivered
6035,134,2025-12-26,Delivered
6036,10,2025-12-26,Delivered
6037,111,2025-12-27,Delivered
6038,107,2025-12-27,Delivered
6039,82,2025-12-27,Delivered
6040,70,2025-12-27,Shipped
6041,106,2025-12-27,Delivered
6042,53,2025-12-27,Delivered
6043,70,2025-12-28,Delivered
6044,91,2025-12-28,Cancelled
6045,96,2025-12-28,Delivered
6046,14,2025-12-28,Delivered
6047,41,2025-12-28,Delivered
6048,136,2025-12-28,Delivered
6049,35,2025-12-29,Delivered
6050,175,2025-12-29,Delivered
6051,6,2025-12-29,Delivered
6052,18,2025-12-29,Delivered
6053,159,2025-12-29,Returned
6054,51,2025-12-29,Shipped
6055,103,2025-12-29,Shipped
6056,88,2025-12-29,Delivered
6057,173,2025-12-30,Delivered
6058,42,2025-12-30,Delivered
6059,54,2025-12-30,Delivered
6060,90,2025-12-30,Delivered
6061,147,2025-12-30,Cancelled
6062,108,2025-12-31,Delivered
6063,110,2025-12-31,Shipped
6064,174,2025-12-31,Delivered
6065,2,2025-12-31,Delivered
6066,100,2025-12-31,Returned
6067,53,2026-01-01,Delivered
6068,136,2026-01-01,Delivered
6069,68,2026-01-01,Delivered
6070,141,2026-01-01,Delivered
6071,160,2026-01-01,Delivered
6072,80,2026-01-01,Shipped
6073,82,2026-01-01,Delivered
6074,12,2026-01-02,Delivered
6075,40,2026-01-02,Delivered
6076,131,2026-01-02,Delivered
6077,103,2026-01-02,Delivered
6078,57,2026-01-02,Delivered
6079,163,2026-01-02,Delivered
6080,161,2026-01-02,Delivered
6081,149,2026-01-02,Delivered
6082,128,2026-01-02,Shipped
6083,20,2026-01-03,Shipped
6084,151,2026-01-03,Delivered
6085,14,2026-01-03,Delivered
6086,160,2026-01-03,Delivered
6087,45,2026-01-03,Delivered
6088,103,2026-01-03,Delivered
6089,83,2026-01-03,Delivered
6090,112,2026-01-03,Shipped
6091,9,2026-01-04,Delivered
6092,112,2026-01-04,Delivered
6093,162,2026-01-04,Delivered
6094,143,2026-01-04,Returned
6095,102,2026-01-04,Shipped
6096,28,2026-01-05,Delivered
6097,110,2026-01-05,Delivered
6098,72,2026-01-05,Delivered
6099,165,2026-01-05,Delivered
6100,153,2026-01-05,Delivered
6101,12,2026-01-06,Delivered
6102,89,2026-01-06,Delivered
6103,138,2026-01-06,Delivered
6104,12,2026-01-06,Delivered
6105,138,2026-01-06,Delivered
6106,169,2026-01-06,Delivered
6107,28,2026-01-06,Delivered
6108,133,2026-01-06,Delivered
6109,111,2026-01-06,Delivered
6110,127,2026-01-07,Delivered
6111,82,2026-01-07,Delivered
6112,135,2026-01-07,Delivered
6113,71,2026-01-07,Delivered
6114,87,2026-01-07,Delivered
6115,158,2026-01-07,Delivered
6116,39,2026-01-07,Delivered
6117,165,2026-01-08,Delivered
6118,38,2026-01-08,Delivered
6119,159,2026-01-08,Shipped
6120,92,2026-01-08,Delivered
6121,125,2026-01-08,Delivered
6122,125,2026-01-08,Delivered
6123,105,2026-01-08,Delivered
6124,17,2026-01-08,Delivered
6125,74,2026-01-08,Delivered
6126,151,2026-01-09,Delivered
6127,90,2026-01-09,Delivered
6128,60,2026-01-09,Delivered
6129,161,2026-01-09,Delivered
6130,19,2026-01-09,Delivered
6131,117,2026-01-09,Delivered
6132,19,2026-01-09,Delivered
6133,106,2026-01-09,Cancelled
6134,118,2026-01-10,Delivered
6135,40,2026-01-10,Delivered
6136,75,2026-01-10,Delivered
6137,3,2026-01-10,Cancelled
6138,24,2026-01-10,Delivered
6139,73,2026-01-11,Delivered
6140,29,2026-01-11,Delivered
6141,89,2026-01-11,Delivered
6142,120,2026-01-11,Delivered
6143,88,2026-01-11,Delivered
6144,159,2026-01-11,Delivered
6145,60,2026-01-11,Delivered
6146,77,2026-01-12,Delivered
6147,120,2026-01-12,Delivered
6148,91,2026-01-12,Delivered
6149,123,2026-01-12,Delivered
6150,13,2026-01-12,Delivered
6151,111,2026-01-12,Delivered
6152,60,2026-01-12,Delivered
6153,121,2026-01-12,Delivered
6154,155,2026-01-13,Delivered
6155,3,2026-01-13,Delivered
6156,119,2026-01-13,Shipped
6157,162,2026-01-13,Delivered
6158,48,2026-01-13,Shipped
6159,93,2026-01-13,Delivered
6160,113,2026-01-13,Delivered
6161,13,2026-01-13,Delivered
6162,16,2026-01-14,Delivered
6163,97,2026-01-14,Delivered
6164,112,2026-01-14,Returned
6165,161,2026-01-14,Delivered
6166,64,2026-01-14,Delivered
6167,141,2026-01-14,Delivered
6168,48,2026-01-14,Delivered
6169,28,2026-01-15,Returned
6170,143,2026-01-15,Delivered
6171,4,2026-01-15,Delivered
6172,146,2026-01-15,Delivered
6173,119,2026-01-15,Delivered
6174,60,2026-01-15,Delivered
6175,135,2026-01-15,Shipped
6176,76,2026-01-15,Delivered
6177,142,2026-01-16,Delivered
6178,143,2026-01-16,Delivered
6179,37,2026-01-16,Delivered
6180,104,2026-01-16,Returned
6181,76,2026-01-16,Delivered
6182,60,2026-01-16,Shipped
6183,59,2026-01-17,Delivered
6184,15,2026-01-17,Cancelled
6185,145,2026-01-17,Delivered
6186,107,2026-01-17,Delivered
6187,120,2026-01-17,Shipped
6188,112,2026-01-17,Delivered
6189,46,2026-01-17,Shipped
6190,163,2026-01-17,Delivered
6191,76,2026-01-17,Delivered
6192,11,2026-01-18,Cancelled
6193,140,2026-01-18,Shipped
6194,149,2026-01-18,Delivered
6195,5,2026-01-18,Delivered
6196,134,2026-01-18,Delivered
6197,52,2026-01-18,Cancelled
6198,126,2026-01-18,Delivered
6199,24,2026-01-18,Delivered
6200,18,2026-01-19,Delivered
6201,174,2026-01-19,Cancelled
6202,158,2026-01-19,Delivered
6203,111,2026-01-19,Cancelled
6204,19,2026-01-19,Delivered
6205,174,2026-01-19,Delivered
6206,68,2026-01-19,Delivered
6207,108,2026-01-19,Delivered
6208,126,2026-01-20,Delivered
6209,22,2026-01-20,Delivered
6210,49,2026-01-20,Cancelled
6211,156,2026-01-20,Delivered
6212,175,2026-01-20,Delivered
6213,26,2026-01-20,Delivered
6214,77,2026-01-20,Delivered
6215,141,2026-01-20,Delivered
6216,140,2026-01-20,Delivered
6217,79,2026-01-21,Delivered
6218,171,2026-01-21,Delivered
6219,22,2026-01-21,Delivered
6220,38,2026-01-21,Delivered
6221,151,2026-01-21,Shipped
6222,152,2026-01-21,Shipped
6223,118,2026-01-21,Delivered
6224,79,2026-01-21,Returned
6225,45,2026-01-21,Cancelled
6226,44,2026-01-22,Delivered
6227,130,2026-01-22,Delivered
6228,71,2026-01-22,Delivered
6229,68,2026-01-22,Delivered
6230,102,2026-01-22,Delivered
6231,147,2026-01-22,Delivered
6232,171,2026-01-23,Shipped
6233,130,2026-01-23,Delivered
6234,131,2026-01-23,Returned
6235,50,2026-01-23,Delivered
6236,164,2026-01-23,Delivered
6237,61,2026-01-23,Delivered
6238,29,2026-01-24,Shipped
6239,104,2026-01-24,Delivered
6240,112,2026-01-24,Delivered
6241,23,2026-01-24,Shipped
6242,137,2026-01-24,Shipped
6243,133,2026-01-24,Delivered
6244,167,2026-01-24,Delivered
6245,72,2026-01-24,Delivered
6246,14,2026-01-25,Delivered
6247,150,2026-01-25,Delivered
6248,49,2026-01-25,Delivered
6249,150,2026-01-25,Delivered
6250,27,2026-01-25,Delivered
6251,57,2026-01-26,Shipped
6252,131,2026-01-26,Delivered
6253,129,2026-01-26,Delivered
6254,160,2026-01-26,Delivered
6255,173,2026-01-26,Delivered
6256,76,2026-01-26,Delivered
6257,120,2026-01-26,Delivered
6258,118,2026-01-26,Delivered
6259,68,2026-01-27,Cancelled
6260,77,2026-01-27,Delivered
6261,116,2026-01-27,Delivered
6262,95,2026-01-27,Delivered
6263,174,2026-01-27,Shipped
6264,16,2026-01-27,Delivered
6265,1,2026-01-27,Cancelled
6266,113,2026-01-28,Returned
6267,71,2026-01-28,Cancelled
6268,171,2026-01-28,Delivered
6269,44,2026-01-28,Delivered
6270,74,2026-01-28,Delivered
6271,133,2026-01-29,Delivered
6272,141,2026-01-29,Delivered
6273,154,2026-01-29,Delivered
6274,2,2026-01-29,Delivered
6275,172,2026-01-29,Shipped
6276,112,2026-01-29,Delivered
6277,60,2026-01-29,Delivered
6278,179,2026-01-29,Delivered
6279,164,2026-01-29,Delivered
6280,39,2026-01-30,Delivered
6281,93,2026-01-30,Cancelled
6282,112,2026-01-30,Delivered
6283,66,2026-01-30,Delivered
6284,11,2026-01-30,Delivered
6285,148,2026-01-30,Delivered
6286,177,2026-01-30,Shipped
6287,122,2026-01-31,Delivered
6288,119,2026-01-31,Delivered
6289,17,2026-01-31,Delivered
6290,173,2026-01-31,Shipped
6291,159,2026-01-31,Returned
6292,123,2026-01-31,Delivered
6293,130,2026-01-31,Delivered
6294,79,2026-01-31,Delivered
6295,129,2026-01-31,Delivered
6296,3,2026-02-01,Delivered
6297,173,2026-02-01,Delivered
6298,86,2026-02-01,Delivered
6299,170,2026-02-01,Delivered
6300,134,2026-02-01,Delivered
6301,49,2026-02-02,Delivered
6302,172,2026-02-02,Delivered
6303,163,2026-02-02,Delivered
6304,80,2026-02-02,Delivered
6305,113,2026-02-02,Delivered
6306,165,2026-02-02,Delivered
6307,50,2026-02-03,Delivered
6308,148,2026-02-03,Shipped
6309,154,2026-02-03,Delivered
6310,74,2026-02-03,Delivered
6311,169,2026-02-03,Shipped
6312,67,2026-02-04,Delivered
6313,51,2026-02-04,Delivered
6314,66,2026-02-04,Delivered
6315,169,2026-02-04,Cancelled
6316,8,2026-02-04,Delivered
6317,35,2026-02-04,Returned
6318,137,2026-02-04,Delivered
6319,88,2026-02-04,Delivered
6320,26,2026-02-04,Delivered
6321,50,2026-02-05,Delivered
6322,94,2026-02-05,Delivered
6323,36,2026-02-05,Delivered
6324,148,2026-02-05,Cancelled
6325,86,2026-02-05,Delivered
6326,170,2026-02-05,Delivered
6327,153,2026-02-05,Shipped
6328,111,2026-02-05,Returned
6329,71,2026-02-06,Delivered
6330,149,2026-02-06,Delivered
6331,89,2026-02-06,Delivered
6332,39,2026-02-06,Delivered
6333,135,2026-02-06,Delivered
6334,47,2026-02-06,Delivered
6335,66,2026-02-07,Shipped
6336,91,2026-02-07,Shipped
6337,98,2026-02-07,Delivered
6338,38,2026-02-07,Delivered
6339,66,2026-02-07,Delivered
6340,78,2026-02-07,Delivered
6341,157,2026-02-07,Delivered
6342,44,2026-02-08,Delivered
6343,6,2026-02-08,Shipped
6344,148,2026-02-08,Delivered
6345,63,2026-02-08,Cancelled
6346,84,2026-02-08,Delivered
6347,95,2026-02-08,Cancelled
6348,137,2026-02-08,Delivered
6349,1,2026-02-08,Delivered
6350,120,2026-02-08,Delivered
6351,136,2026-02-09,Cancelled
6352,77,2026-02-09,Delivered
6353,45,2026-02-09,Delivered
6354,31,2026-02-09,Delivered
6355,123,2026-02-09,Delivered
6356,175,2026-02-09,Delivered
6357,83,2026-02-09,Shipped
6358,5,2026-02-09,Delivered
6359,88,2026-02-10,Delivered
6360,64,2026-02-10,Cancelled
6361,47,2026-02-10,Delivered
6362,170,2026-02-10,Delivered
6363,44,2026-02-10,Delivered
6364,123,2026-02-10,Delivered
6365,140,2026-02-10,Shipped
6366,106,2026-02-10,Delivered
6367,128,2026-02-10,Delivered
6368,51,2026-02-11,Delivered
6369,11,2026-02-11,Delivered
6370,120,2026-02-11,Delivered
6371,138,2026-02-11,Delivered
6372,91,2026-02-11,Delivered
6373,140,2026-02-11,Delivered
6374,56,2026-02-11,Delivered
6375,98,2026-02-12,Delivered
6376,71,2026-02-12,Delivered
6377,150,2026-02-12,Delivered
6378,175,2026-02-12,Delivered
6379,145,2026-02-12,Shipped
6380,4,2026-02-12,Delivered
6381,129,2026-02-12,Delivered
6382,77,2026-02-12,Delivered
6383,163,2026-02-13,Cancelled
6384,109,2026-02-13,Delivered
6385,139,2026-02-13,Delivered
6386,79,2026-02-13,Delivered
6387,17,2026-02-13,Delivered
6388,24,2026-02-13,Delivered
6389,53,2026-02-13,Delivered
6390,52,2026-02-14,Delivered
6391,48,2026-02-14,Delivered
6392,1,2026-02-14,Shipped
6393,167,2026-02-14,Delivered
6394,10,2026-02-14,Delivered
6395,52,2026-02-14,Delivered
6396,51,2026-02-14,Delivered
6397,62,2026-02-15,Delivered
6398,106,2026-02-15,Delivered
6399,176,2026-02-15,Shipped
6400,143,2026-02-15,Delivered
6401,117,2026-02-15,Delivered
6402,4,2026-02-15,Delivered
6403,83,2026-02-16,Delivered
6404,57,2026-02-16,Delivered
6405,95,2026-02-16,Shipped
6406,55,2026-02-16,Shipped
6407,24,2026-02-16,Delivered
6408,151,2026-02-16,Delivered
6409,64,2026-02-16,Shipped
6410,105,2026-02-17,Shipped
6411,171,2026-02-17,Cancelled
6412,92,2026-02-17,Delivered
6413,140,2026-02-17,Delivered
6414,68,2026-02-17,Delivered
6415,53,2026-02-17,Delivered
6416,62,2026-02-17,Shipped
6417,153,2026-02-18,Delivered
6418,57,2026-02-18,Delivered
6419,105,2026-02-18,Returned
6420,132,2026-02-18,Delivered
6421,30,2026-02-18,Delivered
6422,178,2026-02-18,Returned
6423,135,2026-02-18,Delivered
6424,106,2026-02-19,Delivered
6425,15,2026-02-19,Delivered
6426,30,2026-02-19,Delivered
6427,111,2026-02-19,Delivered
6428,4,2026-02-19,Delivered
6429,177,2026-02-19,Delivered
6430,86,2026-02-19,Shipped
6431,28,2026-02-19,Delivered
6432,114,2026-02-20,Delivered
6433,8,2026-02-20,Delivered
6434,111,2026-02-20,Delivered
6435,95,2026-02-20,Cancelled
6436,136,2026-02-20,Delivered
6437,39,2026-02-20,Delivered
6438,91,2026-02-20,Shipped
6439,103,2026-02-21,Delivered
6440,42,2026-02-21,Delivered
6441,169,2026-02-21,Delivered
6442,164,2026-02-21,Delivered
6443,14,2026-02-21,Delivered
6444,98,2026-02-22,Delivered
6445,150,2026-02-22,Delivered
6446,169,2026-02-22,Delivered
6447,125,2026-02-22,Delivered
6448,49,2026-02-22,Delivered
6449,117,2026-02-22,Delivered
6450,150,2026-02-22,Delivered
6451,56,2026-02-22,Cancelled
6452,170,2026-02-22,Delivered
6453,133,2026-02-23,Delivered
6454,127,2026-02-23,Delivered
6455,76,2026-02-23,Delivered
6456,93,2026-02-23,Returned
6457,142,2026-02-23,Delivered
6458,148,2026-02-23,Delivered
6459,68,2026-02-23,Delivered
6460,54,2026-02-24,Delivered
6461,53,2026-02-24,Delivered
6462,84,2026-02-24,Shipped
6463,119,2026-02-24,Delivered
6464,9,2026-02-24,Delivered
6465,52,2026-02-24,Shipped
6466,174,2026-02-24,Delivered
6467,162,2026-02-25,Delivered
6468,87,2026-02-25,Cancelled
6469,94,2026-02-25,Delivered
6470,97,2026-02-25,Delivered
6471,135,2026-02-25,Delivered
6472,40,2026-02-25,Delivered
6473,86,2026-02-25,Delivered
6474,68,2026-02-25,Cancelled
6475,12,2026-02-26,Delivered
6476,141,2026-02-26,Delivered
6477,51,2026-02-26,Shipped
6478,106,2026-02-26,Delivered
6479,130,2026-02-26,Delivered
6480,5,2026-02-27,Cancelled
6481,122,2026-02-27,Shipped
6482,123,2026-02-27,Delivered
6483,38,2026-02-27,Cancelled
6484,137,2026-02-27,Delivered
6485,121,2026-02-27,Returned
6486,26,2026-02-27,Shipped
6487,39,2026-02-27,Cancelled
6488,91,2026-02-27,Delivered
6489,101,2026-02-28,Shipped
6490,54,2026-02-28,Shipped
6491,166,2026-02-28,Shipped
6492,70,2026-02-28,Delivered
6493,29,2026-02-28,Cancelled
6494,137,2026-02-28,Delivered
6495,159,2026-03-01,Cancelled
6496,66,2026-03-01,Returned
6497,102,2026-03-01,Delivered
6498,32,2026-03-01,Cancelled
6499,20,2026-03-01,Cancelled
6500,70,2026-03-01,Delivered
6501,23,2026-03-02,Shipped
6502,25,2026-03-02,Shipped
6503,134,2026-03-02,Delivered
6504,9,2026-03-02,Delivered
6505,174,2026-03-02,Delivered
6506,21,2026-03-02,Delivered
6507,156,2026-03-03,Delivered
6508,15,2026-03-03,Delivered
6509,37,2026-03-03,Returned
6510,17,2026-03-03,Shipped
6511,17,2026-03-03,Delivered
6512,18,2026-03-03,Delivered
6513,106,2026-03-04,Delivered
6514,119,2026-03-04,Delivered
6515,16,2026-03-04,Delivered
6516,49,2026-03-04,Delivered
6517,121,2026-03-04,Delivered
6518,161,2026-03-04,Delivered
6519,98,2026-03-04,Delivered
6520,91,2026-03-04,Delivered
6521,9,2026-03-04,Delivered
6522,36,2026-03-05,Delivered
6523,69,2026-03-05,Delivered
6524,79,2026-03-05,Delivered
6525,75,2026-03-05,Delivered
6526,168,2026-03-05,Delivered
6527,66,2026-03-05,Delivered
6528,77,2026-03-06,Delivered
6529,43,2026-03-06,Delivered
6530,1,2026-03-06,Delivered
6531,50,2026-03-06,Delivered
6532,45,2026-03-06,Delivered
6533,103,2026-03-06,Delivered
6534,22,2026-03-07,Shipped
6535,154,2026-03-07,Returned
6536,101,2026-03-07,Delivered
6537,86,2026-03-07,Delivered
6538,89,2026-03-07,Delivered
6539,113,2026-03-07,Shipped
6540,142,2026-03-08,Delivered
6541,60,2026-03-08,Returned
6542,83,2026-03-08,Delivered
6543,20,2026-03-08,Cancelled
6544,44,2026-03-08,Delivered
6545,4,2026-03-08,Shipped
6546,55,2026-03-08,Delivered
6547,103,2026-03-09,Delivered
6548,111,2026-03-09,Delivered
6549,132,2026-03-09,Delivered
6550,31,2026-03-09,Delivered
6551,24,2026-03-09,Delivered
6552,129,2026-03-10,Delivered
6553,33,2026-03-10,Delivered
6554,24,2026-03-10,Delivered
6555,143,2026-03-10,Delivered
6556,69,2026-03-10,Delivered
6557,27,2026-03-10,Delivered
6558,176,2026-03-10,Delivered
6559,98,2026-03-10,Delivered
6560,124,2026-03-11,Delivered
6561,158,2026-03-11,Cancelled
6562,152,2026-03-11,Delivered
6563,77,2026-03-11,Delivered
6564,18,2026-03-11,Delivered
6565,176,2026-03-11,Delivered
6566,179,2026-03-11,Delivered
6567,50,2026-03-11,Delivered
6568,93,2026-03-11,Delivered
6569,70,2026-03-12,Shipped
6570,33,2026-03-12,Delivered
6571,87,2026-03-12,Delivered
6572,143,2026-03-12,Delivered
6573,158,2026-03-12,Cancelled
6574,93,2026-03-12,Cancelled
6575,56,2026-03-13,Delivered
6576,4,2026-03-13,Delivered
6577,39,2026-03-13,Delivered
6578,5,2026-03-13,Delivered
6579,162,2026-03-13,Delivered
6580,82,2026-03-13,Delivered
6581,35,2026-03-13,Cancelled
6582,90,2026-03-14,Delivered
6583,178,2026-03-14,Delivered
6584,83,2026-03-14,Shipped
6585,175,2026-03-14,Delivered
6586,87,2026-03-14,Delivered
6587,40,2026-03-15,Delivered
6588,91,2026-03-15,Delivered
6589,50,2026-03-15,Delivered
6590,98,2026-03-15,Shipped
6591,16,2026-03-15,Returned
6592,159,2026-03-15,Delivered
6593,116,2026-03-15,Shipped
6594,11,2026-03-15,Shipped
6595,52,2026-03-15,Shipped
6596,170,2026-03-16,Delivered
6597,19,2026-03-16,Delivered
6598,112,2026-03-16,Delivered
6599,179,2026-03-16,Delivered
6600,110,2026-03-16,Delivered
6601,74,2026-03-16,Delivered
6602,153,2026-03-16,Delivered
6603,148,2026-03-16,Delivered
6604,17,2026-03-17,Delivered
6605,23,2026-03-17,Delivered
6606,78,2026-03-17,Delivered
6607,153,2026-03-17,Delivered
6608,116,2026-03-17,Returned
6609,99,2026-03-17,Delivered
6610,2,2026-03-17,Delivered
6611,99,2026-03-18,Delivered
6612,132,2026-03-18,Delivered
6613,140,2026-03-18,Delivered
6614,3,2026-03-18,Shipped
6615,49,2026-03-18,Delivered
6616,76,2026-03-18,Delivered
6617,98,2026-03-19,Delivered
6618,137,2026-03-19,Cancelled
6619,157,2026-03-19,Delivered
6620,179,2026-03-19,Delivered
6621,160,2026-03-19,Delivered
6622,70,2026-03-19,Delivered
6623,21,2026-03-20,Delivered
6624,11,2026-03-20,Delivered
6625,31,2026-03-20,Delivered
6626,161,2026-03-20,Delivered
6627,59,2026-03-20,Cancelled
6628,59,2026-03-20,Cancelled
6629,4,2026-03-21,Delivered
6630,33,2026-03-21,Delivered
6631,179,2026-03-21,Delivered
6632,33,2026-03-21,Shipped
6633,3,2026-03-21,Delivered
6634,118,2026-03-21,Shipped
6635,128,2026-03-22,Returned
6636,134,2026-03-22,Delivered
6637,80,2026-03-22,Delivered
6638,61,2026-03-22,Delivered
6639,84,2026-03-22,Delivered
6640,71,2026-03-22,Returned
6641,146,2026-03-22,Delivered
6642,68,2026-03-23,Delivered
6643,108,2026-03-23,Delivered
6644,84,2026-03-23,Delivered
6645,148,2026-03-23,Delivered
6646,113,2026-03-23,Delivered
6647,106,2026-03-23,Delivered
6648,12,2026-03-23,Delivered
6649,128,2026-03-23,Delivered
6650,61,2026-03-23,Delivered
6651,166,2026-03-24,Delivered
6652,136,2026-03-24,Delivered
6653,150,2026-03-24,Delivered
6654,39,2026-03-24,Delivered
6655,55,2026-03-24,Delivered
6656,66,2026-03-25,Delivered
6657,80,2026-03-25,Delivered
6658,44,2026-03-25,Delivered
6659,119,2026-03-25,Delivered
6660,33,2026-03-25,Delivered
6661,13,2026-03-25,Shipped
6662,129,2026-03-25,Delivered
6663,173,2026-03-25,Delivered
6664,60,2026-03-26,Delivered
6665,139,2026-03-26,Returned
6666,89,2026-03-26,Delivered
6667,38,2026-03-26,Delivered
6668,58,2026-03-26,Delivered
6669,153,2026-03-26,Delivered
6670,66,2026-03-26,Cancelled
6671,105,2026-03-27,Shipped
6672,120,2026-03-27,Delivered
6673,121,2026-03-27,Delivered
6674,15,2026-03-27,Shipped
6675,95,2026-03-27,Delivered
6676,154,2026-03-27,Shipped
6677,147,2026-03-27,Delivered
6678,30,2026-03-27,Delivered
6679,32,2026-03-28,Delivered
6680,179,2026-03-28,Delivered
6681,142,2026-03-28,Delivered
6682,147,2026-03-28,Delivered
6683,45,2026-03-28,Delivered
6684,180,2026-03-28,Delivered
6685,86,2026-03-28,Delivered
6686,86,2026-03-28,Delivered
6687,125,2026-03-28,Delivered
6688,122,2026-03-29,Delivered
6689,68,2026-03-29,Returned
6690,60,2026-03-29,Delivered
6691,5,2026-03-29,Delivered
6692,168,2026-03-29,Delivered
6693,4,2026-03-29,Delivered
6694,55,2026-03-29,Delivered
6695,18,2026-03-29,Delivered
6696,156,2026-03-29,Delivered
6697,31,2026-03-30,Delivered
6698,99,2026-03-30,Returned
6699,38,2026-03-30,Delivered
6700,99,2026-03-30,Delivered
6701,160,2026-03-30,Delivered
6702,59,2026-03-31,Delivered
6703,42,2026-03-31,Delivered
6704,83,2026-03-31,Delivered
6705,25,2026-03-31,Delivered
6706,58,2026-03-31,Delivered
6707,89,2026-03-31,Delivered
6708,87,2026-03-31,Delivered
6709,13,2026-03-31,Shipped
6710,170,2026-03-31,Delivered
